id,name,bic,l10n_id_bi_code
res_bank_7670000,ARTAJASA PEMBAYARAN ELEK. (RTGS),ATJSIDJ2,7670000
res_bank_5550018,BANK INDEX SELINDO,BIDXIDJA,5550018
res_bank_0010016,BANK INDONESIA,INDOIDJA,0010016
res_bank_1149928,BANK JATIM UNIT USAHA SYARIAH,SYJTIDJ1,1149928
res_bank_0330301,BANK OF AMERICA NA,BOFAID2X,0330301
res_bank_0690300,BANK OF CHINA (HONG KONG) LIMITED,BKCHIDJA,0690300
res_bank_0018102,"BI CABANG AMBON,AMB",INDOIDJA,0018102
res_bank_0015707,"BI CABANG BALIKPAPAN,BLP",INDOIDJA,0015707
res_bank_0013204,"BI CABANG BANDA ACEH,BDA",INDOIDJA,0013204
res_bank_0013903,"BI CABANG BANDAR LAMPUNG,BDL",INDOIDJA,0013903
res_bank_0010100,"BI CABANG BANDUNG,BDG",INDOIDJA,0010100
res_bank_0015105,BI CABANG BANJARMASIN,INDOIDJA,0015105
res_bank_0013709,"BI CABANG BATAM,BTM",INDOIDJA,0013709
res_bank_0012302,BI CABANG BENGKULU,INDOIDJA,0012302
res_bank_0011400,"BI CABANG CIREBON,CRB",INDOIDJA,0011400
res_bank_0017200,"BI CABANG DENPASAR,BALI",INDOIDJA,0017200
res_bank_0019985,BI CABANG GORONTALO,INDOIDJA,0019985
res_bank_0013107,BI CABANG JAMBI,INDOIDJA,0013107
res_bank_0018209,BI CABANG JAYAPURA,INDOIDJA,0018209
res_bank_0010401,"BI CABANG JEMBER,JBR",INDOIDJA,0010401
res_bank_0010605,"BI CABANG KEDIRI,KDR",INDOIDJA,0010605
res_bank_0016900,"BI CABANG KENDARI,KDI",INDOIDJA,0016900
res_bank_0017404,"BI CABANG KUPANG,KPG",INDOIDJA,0017404
res_bank_0014106,"BI CABANG LHOKSEUMAWE,LSM",INDOIDJA,0014106
res_bank_0010702,"BI CABANG MALANG,MLG",INDOIDJA,0010702
res_bank_0016201,"BI CABANG MANADO,MDO",INDOIDJA,0016201
res_bank_0017103,"BI CABANG MATARAM,CKA",INDOIDJA,0017103
res_bank_0013301,"BI CABANG MEDAN,MDN",INDOIDJA,0013301
res_bank_0013408,"BI CABANG PADANG,PDG",INDOIDJA,0013408
res_bank_0015804,BI CABANG PALANGKARAYA,INDOIDJA,0015804
res_bank_0013602,"BI CABANG PALEMBANG,PLG",INDOIDJA,0013602
res_bank_0016007,"BI CABANG PALU,PLS",INDOIDJA,0016007
res_bank_0019987,BI CABANG PANGKAL PINANG,INDOIDJA,0019987
res_bank_0013505,"BI CABANG PEKAN BARU,PKB",INDOIDJA,0013505
res_bank_0015309,"BI CABANG PONTIANAK,PTK",INDOIDJA,0015309
res_bank_0015406,"BI CABANG SAMARINDA,SMD",INDOIDJA,0015406
res_bank_0010906,"BI CABANG SEMARANG,SMG",INDOIDJA,0010906
res_bank_0019988,BI CABANG SERANG,INDOIDJA,0019988
res_bank_0010704,BI CABANG SIBOLGA,INDOIDJA,0010704
res_bank_0011002,"BI CABANG SOLO,SLO",INDOIDJA,0011002
res_bank_0011206,"BI CABANG SURABAYA,SBY",INDOIDJA,0011206
res_bank_0017805,BI CABANG TARAKAN,INDOIDJA,0017805
res_bank_0010304,BI CABANG TEGAL,INDOIDJA,0010304
res_bank_0018800,BI CABANG TERNATE,INDOIDJA,0018800
res_bank_0016104,BI CABANG UJUNG PANDANG,INDOIDJA,0016104
res_bank_0010508,"BI CABANG YOGYAKARTA,YOG",INDOIDJA,0010508
res_bank_0018746,BI MAMUJU,INDOIDJA,0018746
res_bank_0019986,BI MANOKWARI,INDOIDJA,0019986
res_bank_0018200,BI PEMATANG SIANTAR,INDOIDJA,0018200
res_bank_0011507,"BI PURWOKERTO,PWT",INDOIDJA,0011507
res_bank_0011905,"BI TASIKMALAYA,TSM",INDOIDJA,0011905
res_bank_0310305,"CITIBANK, NA",CITIIDJX,0310305
res_bank_0670304,DEUTSCHE BANK AG.,DEUTIDJA,0670304
res_bank_7930000,FINNET INDONESIA (RTGS),FINTIDJ1,7930000
res_bank_7950000,INDONESIA EXIMBANK (RTGS),LPEIIDJ1,7950000
res_bank_8000000,JALIN PEMBAYARAN NUSANTARA (JALIN),JPNAIDJ1,8000000
res_bank_0320308,"KC JPMORGAN CHASE BANK, N.A",CHASIDJX,0320308
res_bank_7680000,KSEI,KSEIIDJ1,7680000
res_bank_9500000,LEMBAGA PENJAMIN SIMPANAN,BLPSIDJ1,9500000
res_bank_0420305,"MUFG Bank, Ltd.",BOTKIDJX,0420305
res_bank_8030000,PT AirPay International (SHOPEEPAY),APIDIDJ1,8030000
res_bank_5670011,PT ALLO BANK INDONESIA TBK,ALOBIDJA,5670011
res_bank_8020000,PT ALTO NETWORK (PT ALTO),ALTOIDJ1,8020000
res_bank_9470302,"PT BANK ALADIN SYARIAH, TBK.",NETBIDJA,9470302
res_bank_5470046,"PT BANK BTPN SYARIAH,TBK",PUBAIDJ1,5470046
res_bank_0540308,PT BANK CAPITAL INDONESIA,BCIAIDJA,0540308
res_bank_5010011,PT BANK DIGITAL BCA,BBLUIDJA,5010011
res_bank_9450305,PT BANK IBK INDONESIA TBK,IBKOIDJA,9450305
res_bank_5210031,PT BANK KB BUKOPIN SYARIAH,SDOBIDJ1,5210031
res_bank_4720014,PT BANK SAQU INDONESIA,JSABIDJ1,4720014
res_bank_4590011,PT KROM BANK INDONESIA Tbk,BUSTIDJ1,4590011
res_bank_9520000,PT PENYELESAIAN TRANSAKSI,PTENIDJ1,9520000
res_bank_8010000,PT RINTIS SEJAHTERA (PT RINTIS),RISJIDJ1,8010000
res_bank_5620016,PT SUPER BANK INDONESIA,FAMAIDJ1,5620016
res_bank_1169900,PT. BANK ACEH SYARIAH,SYACIDJ1,1169900
res_bank_5310012,PT. BANK AMAR INDONESIA,LOMAIDJ1,5310012
res_bank_0610306,PT. BANK ANZ INDONESIA,ANZBIDJX,0610306
res_bank_0370028,"PT. BANK ARTHA GRAHA INTERNASIONAL, TBK",ARTGIDJA,0370028
res_bank_5360017,PT. BANK BCA SYARIAH,BSYAIDJA,5360017
res_bank_0570307,PT. BANK BNP PARIBAS INDONESIA,BNPAIDJA,0570307
res_bank_0760010,PT. BANK BUMI ARTA,BBAIIDJA,0760010
res_bank_0140397,"PT. BANK CENTRAL ASIA, TBK",CENAIDJA,0140397
res_bank_0360300,"PT. BANK CHINA CONSTRUCTION BANK INDONESIA, TBK",MCORIDJA,0360300
res_bank_0220026,PT. BANK CIMB NIAGA TBK,BNIAIDJA,0220026
res_bank_0229920,PT. BANK CIMB NIAGA TBK - UNIT USAHA SYARIAH,SYNAIDJ1,0229920
res_bank_9490307,PT. BANK CTBC INDONESIA,CTCBIDJA,9490307
res_bank_0110042,PT. BANK DANAMON INDONESIA Tbk.,BDINIDJA,0110042
res_bank_0119920,PT. BANK DANAMON INDONESIA UNIT USAHA SYARIAH,SYBDIDJ1,0119920
res_bank_0460307,PT. BANK DBS INDONESIA,DBSBIDJA,0460307
res_bank_1110012,PT. BANK DKI,BDKIIDJ1,1110012
res_bank_1119916,PT. BANK DKI UNIT USAHA SYARIAH,SYDKIDJ1,1119916
res_bank_1610017,PT. BANK GANESHA,GNESIDJA,1610017
res_bank_5530012,PT. BANK HIBANK INDONESIA,HBNIIDJA,5530012
res_bank_0870010,PT. BANK HSBC INDONESIA,HSBCIDJA,0870010
res_bank_1640016,PT. BANK ICBC INDONESIA,ICBKIDJA,1640016
res_bank_5130014,"PT. BANK INA PERDANA, Tbk",IAPTIDJA,5130014
res_bank_4250018,PT. BANK JABAR BANTEN SYARIAH,SYJBIDJ1,4250018
res_bank_5429903,PT. BANK JAGO TBK UNIT USAHA SYARIAH,SYATIDJ1,5429903
res_bank_5420012,"PT. BANK JAGO, Tbk",JAGBIDJA,5420012
res_bank_0950011,"PT. BANK JTRUST INDONESIA, TBK",CICTIDJA,0950011
res_bank_4410010,PT. BANK KB INDONESIA Tbk.,BBUKIDJA,4410010
res_bank_4840017,PT. BANK KEB HANA INDONESIA,HNBNIDJA,4840017
res_bank_0080017,PT. BANK MANDIRI (PERSERO) TBK,BMRIIDJA,0080017
res_bank_5640012,PT. BANK MANDIRI TASPEN,SIHBIDJ1,5640012
res_bank_1570018,PT. BANK MASPION,MASDIDJ1,1570018
res_bank_0970017,PT. BANK MAYAPADA Tbk.,MAYAIDJA,0970017
res_bank_0160131,PT. BANK MAYBANK INDONESIA Tbk.,IBBKIDJA,0160131
res_bank_0169925,PT. BANK MAYBANK INDONESIA Tbk. UNIT USAHA SYARIAH,SYBKIDJ1,0169925
res_bank_5060016,PT. BANK MEGA SYARIAH,BUTGIDJ1,5060016
res_bank_4260121,PT. BANK MEGA Tbk.,MEGAIDJA,4260121
res_bank_1510010,PT. BANK MESTIKA DHARMA,MEDHIDS1,1510010
res_bank_0480303,PT. BANK MIZUHO INDONESIA,MHCCIDJA,0480303
res_bank_4850010,"PT. BANK MNC INTERNASIONAL, TBK",BUMIIDJA,4850010
res_bank_1470011,PT. BANK MUAMALAT INDONESIA,MUABIDJA,1470011
res_bank_5480010,PT. BANK MULTIARTA SENTOSA TBK,BMSEIDJA,5480010
res_bank_1180013,PT. BANK NAGARI,PDSBIDJ1,1180013
res_bank_1189920,PT. BANK NAGARI - UNIT USAHA SYARIAH,SYSBIDJ1,1189920
res_bank_2530015,PT. BANK NANO SYARIAH,NANOIDJ1,2530015
res_bank_5030017,PT. BANK NATIONALNOBU,LFIBIDJ1,5030017
res_bank_0090010,PT. BANK NEGARA INDONESIA (PERSERO),BNINIDJA,0090010
res_bank_4900012,"PT. BANK NEO COMMERCE, TBK",YUDBIDJ1,4900012
res_bank_0280024,"PT. BANK OCBC NISP, Tbk.",NISPIDJA,0280024
res_bank_1460047,"PT. BANK OF INDIA INDONESIA, TBK",BKIDIDJA,1460047
res_bank_5260010,"PT. BANK OKE INDONESIA, TBK",LMANIDJ1,5260010
res_bank_5170016,PT. BANK PANIN DUBAI SYARIAH,ARFAIDJ1,5170016
res_bank_1100323,PT. BANK PEMBANGUNAN DAERAH JABAR DAN BANTEN,PDJBIDJA,1100323
res_bank_1140383,PT. BANK PEMBANGUNAN DAERAH JATIM,PDJTIDJ1,1140383
res_bank_1290013,PT. BANK PEMBANGUNAN DAERAH BALI,ABALIDBS,1290013
res_bank_1370014,PT. BANK PEMBANGUNAN DAERAH BANTEN,PDBBIDJ1,1370014
res_bank_1120015,PT. BANK PEMBANGUNAN DAERAH DIY,PDYKIDJ1,1120015
res_bank_1159918,PT. BANK PEMBANGUNAN DAERAH JAMBI UUS,SYJMIDJ1,1159918
res_bank_1139938,PT. BANK PEMBANGUNAN DAERAH JATENG UNIT USAHA SYAR,SYJGIDJ1,1139938
res_bank_1130348,PT. BANK PEMBANGUNAN DAERAH JAWA TENGAH,PDJGIDJ1,1130348
res_bank_1220012,PT. BANK PEMBANGUNAN DAERAH KALSEL,PDKSIDJ1,1220012
res_bank_1229929,PT. BANK PEMBANGUNAN DAERAH KALSEL - UNIT USAHA SY,SYKSIDJ1,1229929
res_bank_1240018,PT. BANK PEMBANGUNAN DAERAH KALTIM DAN KALTARA,PDKTIDJ1,1240018
res_bank_1280010,PT. BANK PEMBANGUNAN DAERAH NUSA TENGGARAT BARAT S,PDNBIDJ1,1280010
res_bank_1190016,PT. BANK PEMBANGUNAN DAERAH RIAU KEPRI SYARIAH (PE,PDRIIDJA,1190016
res_bank_1170010,PT. BANK PEMBANGUNAN DAERAH SUMUT,PDSUIDJ1,1170010
res_bank_1179927,PT. BANK PEMBANGUNAN DAERAH SUMUT UUS,SYSUIDJ1,1179927
res_bank_0130475,"PT. BANK PERMATA,TBK",BBBAIDJA,0130475
res_bank_0139926,"PT. BANK PERMATA,TBK UNIT USAHA SYARIAH",SYBBIDJ1,0139926
res_bank_1670015,"PT. BANK QNB INDONESIA,TBK",AWANIDJA,1670015
res_bank_0020307,PT. BANK RAKYAT INDONESIA (PERSERO),BRINIDJA,0020307
res_bank_4940014,"PT. BANK RAYA INDONESIA, TBK",AGTBIDJA,4940014
res_bank_0470300,PT. BANK RESONA PERDANIA,BPIAIDJA,0470300
res_bank_5230011,PT. BANK SAHABAT SAMPOERNA,SAHMIDJA,5230011
res_bank_4980016,PT. BANK SBI INDONESIA,SBIDIDJA,4980016
res_bank_5350014,PT. BANK SEABANK INDONESIA,SSPIIDJA,5350014
res_bank_1520013,PT. BANK SHINHAN INDONESIA,MEEKIDJ1,1520013
res_bank_1530016,PT. BANK SINARMAS,SBJKIDJA,1530016
res_bank_1539923,PT. BANK SINARMAS UNIT USAHA SYARIAH,SYTBIDJ1,1539923
res_bank_2130101,PT. Bank SMBC Indonesia Tbk,SUNIIDJA,2130101
res_bank_1260027,PT. BANK SULSELBAR,PDWSIDJA,1260027
res_bank_1269947,PT. BANK SULSELBAR UNIT USAHA SYARIAH,SYWSIDJ1,1269947
res_bank_4510017,PT. BANK SYARIAH INDONESIA Tbk.,BSMDIDJA,4510017
res_bank_4050072,PT. BANK SYARIAH NASIONAL,SWAGIDJ1,4050072
res_bank_2000150,PT. BANK TABUNGAN NEGARA (PERSERO),BTANIDJA,2000150
res_bank_0230016,PT. BANK UOB INDONESIA,BBIJIDJA,0230016
res_bank_5660018,PT. BANK VICTORIA INTERNATIONAL,VICTIDJ1,5660018
res_bank_2120027,"PT. BANK WOORI SAUDARA INDONESIA 1906,TBK",BSDRIDJA,2120027
res_bank_1330012,PT. BPD BENGKULU,PDBKIDJ1,1330012
res_bank_1250011,PT. BPD KALIMANTAN TENGAH,PDKGIDJ1,1250011
res_bank_1340015,PT. BPD SULAWESI TENGAH,PDWGIDJ1,1340015
res_bank_1350018,PT. BPD SULAWESI TENGGARA,PDWRIDJ1,1350018
res_bank_1270017,PT. BPD SULUT GORONTALO,PDWUIDJ1,1270017
res_bank_1200016,PT. BPD SUMSEL DAN BABEL,BSSPIDSP,1200016
res_bank_1209923,PT. BPD SUMSEL DAN BABEL UNIT USAHA SYARIAH,SYSSIDJ1,1209923
res_bank_8040000,PT. Espay Debit Indonesia Koe,DANAIDJ1,8040000
res_bank_0190017,PT. PANIN BANK Tbk.,PINBIDJA,0190017
res_bank_0289928,PT.BANK OCBC NISP TBK - UNIT USAHA SYARIAH,SYONIDJ1,0289928
res_bank_1129922,PT.BANK PEMBANGUNAN DAERAH DIY UNIT USAHA SYARIAH,SYYKIDJ1,1129922
res_bank_1150014,PT.BANK PEMBANGUNAN DAERAH JAMBI,PDJMIDJ1,1150014
res_bank_1230015,PT.BANK PEMBANGUNAN DAERAH KALBAR,PDKBIDJ1,1230015
res_bank_1239922,PT.BANK PEMBANGUNAN DAERAH KALBAR UUS,SYKBIDJ1,1239922
res_bank_1249925,PT.BANK PEMBANGUNAN DAERAH KALTIM DAN KALTARA-UNIT,SYKTIDJ1,1249925
res_bank_1210051,PT.BANK PEMBANGUNAN DAERAH LAMPUNG,PDLPIDJ1,1210051
res_bank_1310016,PT.BANK PEMBANGUNAN DAERAH MALUKU DAN MALUKU UTARA,PDMLIDJ1,1310016
res_bank_1300013,PT.BANK PEMBANGUNAN DAERAH NTT,PDNTIDJA,1300013
res_bank_1320019,PT.BANK PEMBANGUNAN DAERAH PAPUA,PDIJIDJ1,1320019
res_bank_0500306,STANDARD CHARTERED BANK,SCBLIDJX,0500306
