code,serial_number
AS0000868545,24041700035
AS0000868546,240425000109
AS0000868547,24032800402
AS0000868548,24032500167
AS0000868549,24041700014
AS0000868550,24032600159
AS0000868551,240419000031
AS0000868552,24032300290
AS0000868553,24032800359
AS0000868554,24032700062
AS0000868555,24032500144
AS0000868556,24032500045
AS0000868557,24032600245
AS0000868558,240425000212
AS0000868559,240415000074
AS0000868560,24032700011
AS0000868561,240415000317
AS0000868562,24032600341
AS0000868563,240403000384
AS0000868564,240412000067
AS0000868565,240415000224
AS0000868566,240425000119
AS0000868567,24032000080
AS0000868568,240407000211
AS0000868569,24032500305
AS0000868570,24032800080
AS0000868571,240406000146
AS0000868572,24032600439
AS0000868573,24031100545
AS0000868574,24041700033
AS0000868575,240407000280
AS0000868576,24032900100
AS0000868577,24032600452
AS0000868578,24031800219
AS0000868579,24032600095
AS0000868580,240406000514
AS0000868581,24032500087
AS0000868582,24032700084
AS0000868583,240410000415
AS0000868584,24041700043
AS0000868585,240425000172
AS0000868586,240415000093
AS0000868587,24041700041
AS0000868588,24041700047
AS0000868589,24032600018
AS0000868590,24032500252
AS0000868591,240415000292
AS0000868592,24041700026
AS0000868593,24041700012
AS0000868594,240419000025
AS0000868595,240415000173
AS0000868596,24032900152
AS0000868597,240425000072
AS0000868598,24032500386
AS0000868599,240419000106
AS0000868600,24033000282
AS0000868601,24032900160
AS0000868602,240415000296
AS0000868603,24032500188
AS0000868604,24033000274
AS0000868605,240419000157
AS0000868606,240415000229
AS0000868607,240415000187
AS0000868608,24032800176
AS0000868609,240425000011
AS0000868610,240425000067
AS0000868611,240425000068
AS0000868612,24032800103
AS0000868613,24032300133
AS0000868614,240415000094
AS0000868615,240419000062
AS0000868616,240409000537
AS0000868617,24032700113
AS0000868618,240425000235
AS0000868619,240406000018
AS0000868620,240425000076
AS0000868621,240415000108
AS0000868622,240425000189
AS0000868623,240425000199
AS0000868624,240419000090
AS0000868625,24031101015
AS0000868626,24031100725
AS0000868627,24031100803
AS0000868628,240425000029
AS0000868629,24032700046
AS0000868630,24031100787
AS0000868631,24031100917
AS0000868632,24032700009
AS0000868633,24033000095
AS0000868634,24031101035
AS0000868635,24032600399
AS0000868636,24031100217
AS0000868637,24031100293
AS0000868638,24031100219
AS0000868639,24031100701
AS0000868640,24031101007
AS0000868641,240425000059
AS0000868642,24032300294
AS0000868643,24032600270
AS0000868644,240425000188
AS0000868645,24032800108
AS0000868646,240427000014
AS0000868647,240407000363
AS0000868648,240419000134
AS0000868649,24031100617
AS0000868650,24032600485
AS0000868651,24032600454
AS0000868652,240410000355
AS0000868653,24032700063
AS0000868654,24032600110
AS0000868655,24032800352
AS0000868656,24031101023
AS0000868657,240415000332
AS0000868658,240406000260
AS0000868659,24032800391
AS0000868660,240415000030
AS0000868661,24031100995
AS0000868662,240425000032
AS0000868663,24032600483
AS0000868664,24031100805
AS0000868665,240425000017
AS0000868666,240403000492
AS0000868667,240425000181
AS0000868668,240415000077
AS0000868669,240403000345
AS0000868670,240412000033
AS0000868671,240425000016
AS0000868672,24032900169
AS0000868673,240425000075
AS0000868674,240419000116
AS0000868675,240403000103
AS0000868676,240425000043
AS0000868677,240409000027
AS0000868678,240425000014
AS0000868679,240425000051
AS0000868680,240406000017
AS0000868681,240425000187
AS0000868682,240409000583
AS0000868683,240406000187
AS0000868684,240406000495
AS0000868685,240403000174
AS0000868686,240406000624
AS0000868687,24033000143
AS0000868688,24032800365
AS0000868689,240415000145
AS0000868690,240407000456
AS0000868691,240425000226
AS0000868692,24032600272
AS0000868693,240412000046
AS0000868694,240407000511
AS0000868695,24033000189
AS0000868696,240425000054
AS0000868697,240415000059
AS0000868698,240419000088
AS0000868699,240407000381
AS0000868700,240409000433
AS0000868701,240403000527
AS0000868702,240410000163
AS0000868703,24032800064
AS0000868704,240412000091
AS0000868705,24032800529
AS0000868706,24032500337
AS0000868707,24032800157
AS0000868708,24031100233
AS0000868709,24031100227
AS0000868710,24032600019
AS0000868711,24032500423
AS0000868712,24032600410
AS0000868713,24031100897
AS0000868714,240407000544
AS0000868715,240409000026
AS0000868716,24032500253
AS0000868717,240403000249
AS0000868718,24031100653
AS0000868719,240427000013
AS0000868720,240425000112
AS0000868721,24031100777
AS0000868722,24031100031
AS0000868723,24032800092
AS0000868724,24031100755
AS0000868725,24031100793
AS0000868726,240410000373
AS0000868727,24032700122
AS0000868728,240419000087
AS0000868729,240415000241
AS0000868730,240407000153
AS0000868731,24032500016
AS0000868732,24032600144
AS0000868733,24032500129
AS0000868734,24032700095
AS0000868735,24032500141
AS0000868736,24032500190
AS0000868737,240409000188
AS0000868738,24031100281
AS0000868739,24032500218
AS0000868740,240425000128
AS0000868741,24032800126
AS0000868742,24031100299
AS0000868743,24032600115
AS0000868744,24032500257
AS0000868745,24031900198
AS0000868746,240407000056
AS0000868747,240403000327
AS0000868748,24032500013
AS0000868749,24032100185
AS0000868750,240406000080
AS0000868751,24032700161
AS0000868752,24032800227
AS0000868753,240419000071
AS0000868754,24032300243
AS0000868755,24032500150
AS0000868756,24032800512
AS0000868757,24032800242
AS0000868758,240406000093
AS0000868759,240403000541
AS0000868760,24032800395
AS0000868761,24032700081
AS0000868762,240407000262
AS0000868763,24032600295
AS0000868764,24032700075
AS0000868765,240410000252
AS0000868766,240415000325
AS0000868767,24032600009
AS0000868768,240406000066
AS0000868769,24032500053
AS0000868770,240412000305
AS0000868771,240419000063
AS0000868772,24032800073
AS0000868773,240419000126
AS0000868774,24032800511
AS0000868775,240415000218
AS0000868776,24032600388
AS0000868777,24032500255
AS0000868778,240403000245
AS0000868779,24032500407
AS0000868780,24032500273
AS0000868781,24032700163
AS0000868782,24032500186
AS0000868783,24032500411
AS0000868784,24032600017
AS0000868785,24032600458
AS0000868786,24032700211
AS0000868787,24032800397
AS0000868788,240415000288
AS0000868789,24032700197
AS0000868790,24032500116
AS0000868791,24032500194
AS0000868792,24032700257
AS0000868793,24032500420
AS0000868794,24031100659
AS0000868795,24031100571
AS0000868796,24031100583
AS0000868797,240425000098
AS0000868798,24032900053
AS0000868799,24032500325
AS0000868800,24032700157
AS0000868801,24032500366
AS0000868802,24032500310
AS0000868803,24031100265
AS0000868804,24032600321
AS0000868805,24032800337
AS0000868806,24031101242
AS0000868807,2024011301625
AS0000868808,240415000029
AS0000868809,24032700125
AS0000868810,2024011301625
AS0000868811,24032700010
AS0000868812,24033000089
AS0000868813,240425000070
AS0000868814,24032500372
AS0000868815,24032800019
AS0000868816,24032600281
AS0000868817,24032700160
AS0000868818,24031100393
AS0000868819,24032900201
AS0000868820,24032600319
AS0000868821,24032600147
AS0000868822,24032600415
AS0000868823,24032500054
AS0000868824,24031100235
AS0000868825,24032700119
AS0000868826,240403000475
AS0000868827,24032700256
AS0000868828,240406000279
AS0000868829,240425000077
AS0000868830,24033000063
AS0000868831,24032600085
AS0000868832,24031100567
AS0000868833,24032500271
AS0000868834,24031101288
AS0000868835,24032600050
AS0000868836,240425000095
AS0000868837,240415000334
AS0000868838,24032300107
AS0000868839,24032600051
AS0000868840,24032700104
AS0000868841,24032600254
AS0000868842,24032700103
AS0000868843,24032500189
AS0000868844,240419000057
AS0000868845,24032800121
AS0000868846,24032800029
AS0000868847,240412000085
AS0000868848,24032600157
AS0000868849,240410000052
AS0000868850,24031100263
AS0000868851,24032500157
AS0000868852,240403000102
AS0000868853,24032600107
AS0000868854,24032800026
AS0000868855,24032600094
AS0000868856,24032800429
AS0000868857,24032600449
AS0000868858,240406000299
AS0000868859,24032800522
AS0000868860,240415000018
AS0000868861,240403000270
AS0000868862,240415000242
AS0000868863,24032600223
AS0000868864,24032600196
AS0000868865,24032000282
AS0000868866,24032800146
AS0000868867,24032900110
AS0000868868,24032000051
AS0000868869,24032500206
AS0000868870,24032800231
AS0000868871,24033000162
AS0000868872,24032500256
AS0000868873,24032600026
AS0000868874,240427000005
AS0000868875,24032200085
AS0000868876,24032000168
AS0000868877,24032000258
AS0000868878,24032800226
AS0000868879,24031100959
AS0000868880,24032600181
AS0000868881,24032600192
AS0000868882,240425000180
AS0000868883,24032500006
AS0000868884,24031100933
AS0000868885,240425000108
AS0000868886,24032500119
AS0000868887,24031100587
AS0000868888,24032700266
AS0000868889,240407000567
AS0000868890,24031101244
AS0000868891,24032600284
AS0000868892,24032600390
AS0000868893,24032600111
AS0000868894,24031100797
AS0000868895,24032600188
AS0000868896,240409000548
AS0000868897,24032500385
AS0000868898,24031100275
AS0000868899,24032500021
AS0000868900,24031100271
AS0000868901,24032700074
AS0000868902,24032800311
AS0000868903,24032700053
AS0000868904,24032600224
AS0000868905,24032500378
AS0000868906,240407000605
AS0000868907,24032600261
AS0000868908,24032600407
AS0000868909,24032700198
AS0000868910,24032500265
AS0000868911,24032800331
AS0000868912,24032000251
AS0000868913,240427000008
AS0000868914,24032500301
AS0000868915,24032700050
AS0000868916,24032000100
AS0000868917,24032600075
AS0000868918,24032500124
AS0000868919,24032600428
AS0000868920,240409000536
AS0000868921,24032300296
AS0000868922,24032500302
AS0000868923,24031100915
AS0000868924,24032500343
AS0000868925,24032000216
AS0000868926,24032000059
AS0000868927,24032000047
AS0000868928,240410000335
AS0000868929,240419000070
AS0000868930,24032500182
AS0000868931,24032500377
AS0000868932,24031100961
AS0000868933,24032000196
AS0000868934,24031100559
AS0000868935,24032600023
AS0000868936,24032000090
AS0000868937,24031900005
AS0000868938,24032600146
AS0000868939,24032200056
AS0000868940,24032000050
AS0000868941,24032000055
AS0000868942,24032000182
AS0000868943,240425000231
AS0000868944,24032600372
AS0000868945,240415000105
AS0000868946,24032500118
AS0000868947,24031100565
AS0000868948,24032500176
AS0000868949,240403000089
AS0000868950,24032500170
AS0000868951,24032000194
AS0000868952,24032500174
AS0000868953,24031100631
AS0000868954,24032600300
AS0000868955,24032000259
AS0000868956,24031101271
AS0000868957,24032500247
AS0000868958,24032600400
AS0000868959,240407000077
AS0000868960,24032600156
AS0000868961,24031101275
AS0000868962,24032500123
AS0000868963,24032500196
AS0000868964,24032500201
AS0000868965,24032600082
AS0000868966,24032700150
AS0000868967,24031100253
AS0000868968,24032600438
AS0000868969,24032700022
AS0000868970,24032800381
AS0000868971,240406000025
AS0000868972,24032700258
AS0000868973,24031100743
AS0000868974,24032500392
AS0000868975,24032500179
AS0000868976,240425000093
AS0000868977,24031100949
AS0000868978,240425000114
AS0000868979,24031100745
AS0000868980,240425000065
AS0000868981,24031100267
AS0000868982,24031100297
AS0000868983,240407000662
AS0000868984,240425000036
AS0000868985,240419000068
AS0000868986,24032900147
AS0000868987,240415000233
AS0000868988,24032700020
AS0000868989,24041700030
AS0000868990,240415000052
AS0000868991,240419000094
AS0000868992,24032600092
AS0000868993,240403000237
AS0000868994,240403000510
AS0000868995,240412000094
AS0000868996,240415000022
AS0000868997,240403000356
AS0000868998,24032700003
AS0000868999,24032500166
AS0000869000,24031100497
AS0000869001,240409000106
AS0000869002,24032500254
AS0000869003,24032900109
AS0000869004,240415000076
AS0000869005,240419000021
AS0000869006,240415000076
AS0000869007,240409000272
AS0000869008,24032500104
AS0000869009,240419000047
AS0000869010,240410000093
AS0000869011,240403000512
AS0000869012,240425000213
AS0000869013,240403000030
AS0000869014,240425000210
AS0000869015,240425000096
AS0000869016,240403000519
AS0000869017,240425000008
AS0000869018,240406000026
AS0000869019,240409000341
AS0000869020,240425000223
AS0000869021,240415000329
AS0000869022,240412000050
AS0000869023,240409000133
AS0000869024,24032800219
AS0000869025,24032600197
AS0000869026,240419000009
AS0000869027,240425000186
AS0000869028,240419000132
AS0000869029,24032800237
AS0000869030,24032800387
AS0000869031,24032700012
AS0000869032,240425000039
AS0000869033,24032600047
AS0000869034,24032500146
AS0000869035,240415000023
AS0000869036,240407000638
AS0000869037,24032600303
AS0000869038,240419000018
AS0000869039,24032800247
AS0000869040,240415000267
AS0000869041,24032800372
AS0000869042,240403000284
AS0000869043,24032900128
AS0000869044,24032700247
AS0000869045,24031900013
AS0000869046,24032000281
AS0000869047,240419000124
AS0000869048,24032800358
AS0000869049,24032500413
AS0000869050,24032800513
AS0000869051,24032600208
AS0000869052,240415000043
AS0000869053,240415000028
AS0000869054,24032700008
AS0000869055,240415000035
AS0000869056,240419000017
AS0000869057,240406000140
AS0000869058,24032700073
AS0000869059,24032300131
AS0000869060,24032000029
AS0000869061,24032700017
AS0000869062,24033000208
AS0000869063,24032300135
AS0000869064,24032800245
AS0000869065,24041700046
AS0000869066,240409000028
AS0000869067,24031400479
AS0000869068,240425000175
AS0000869069,24032900168
AS0000869070,24032700088
AS0000869071,24032600345
AS0000869072,24032600290
AS0000869073,24041700040
AS0000869074,240419000128
AS0000869075,24032500219
AS0000869076,24041700031
AS0000869077,24032700269
AS0000869078,24032700060
AS0000869079,24041700021
AS0000869080,240425000110
AS0000869081,24032500357
AS0000869082,240415000132
AS0000869083,24041700023
AS0000869084,24041700029
AS0000869085,24032800085
AS0000869086,240415000165
AS0000869087,24041700036
AS0000869088,24032900144
AS0000869089,24032600074
AS0000869090,24032700093
AS0000869091,24041700039
AS0000869092,24041700042
AS0000869093,240415000038
AS0000869094,240425000080
AS0000869095,24032600364
AS0000869096,24031800156
AS0000869097,24041700050
AS0000869098,24041700024
AS0000869099,24041700025
AS0000869100,240409000698
AS0000869101,24032100190
AS0000869102,240425000171
AS0000869103,24041700028
AS0000869104,240409000056
AS0000869105,240419000092
AS0000869106,24032800434
AS0000869107,24032300143
AS0000869108,240415000185
AS0000869109,24032600330
AS0000869110,24032500009
AS0000869111,24032600158
AS0000869112,24031101025
AS0000869113,24032500226
AS0000869114,24032800102
AS0000869115,240406000024
AS0000869116,24032500279
AS0000869117,24031100711
AS0000869118,240407000615
AS0000869119,240406000650
AS0000869120,240403000259
AS0000869121,24032700237
AS0000869122,24032800052
AS0000869123,24032700177
AS0000869124,24031100207
AS0000869125,24032700038
AS0000869126,240412000026
AS0000869127,24032800046
AS0000869128,24031100599
AS0000869129,24032700067
AS0000869130,24031100387
AS0000869131,240419000053
AS0000869132,24032600013
AS0000869133,24032800198
AS0000869134,24032500046
AS0000869135,24031100415
AS0000869136,24032500415
AS0000869137,24031101059
AS0000869138,24032600213
AS0000869139,24032500262
AS0000869140,24031101017
AS0000869141,240410000405
AS0000869142,24032600153
AS0000869143,24032800521
AS0000869144,240403000088
AS0000869145,24032600205
AS0000869146,240406000322
AS0000869147,240415000277
AS0000869148,240406000275
AS0000869149,24031100279
AS0000869150,24031100423
AS0000869151,240403000170
AS0000869152,24032600362
AS0000869153,24031100637
AS0000869154,24032600164
AS0000869155,24031100007
AS0000869156,24031100561
AS0000869157,24031100239
AS0000869158,240425000073
AS0000869159,24031400074
AS0000869160,24032500324
AS0000869161,24032500380
AS0000869162,240419000066
AS0000869163,240415000140
AS0000869164,24031100389
AS0000869165,240415000293
AS0000869166,24031101222
AS0000869167,24031100229
AS0000869168,24032500250
AS0000869169,24032800224
AS0000869170,240425000060
AS0000869171,24031100593
AS0000869172,240415000285
AS0000869173,240415000327
AS0000869174,24032700085
AS0000869175,24032600311
AS0000869176,24032700126
AS0000869177,24032500263
AS0000869178,24032600142
AS0000869179,24031100241
AS0000869180,24032800177
AS0000869181,24031100287
AS0000869182,24031100541
AS0000869183,24031101227
AS0000869184,240415000111
AS0000869185,24032800235
AS0000869186,24032500327
AS0000869187,24032700048
AS0000869188,240406000127
AS0000869189,240406000677
AS0000869190,24032900038
AS0000869191,24032500417
AS0000869192,24032500376
AS0000869193,24032800229
AS0000869194,24032300184
AS0000869195,24032800317
AS0000869196,24032800253
AS0000869197,24032300305
AS0000869198,24032700089
AS0000869199,24032800303
AS0000869200,24032600209
AS0000869201,24032600446
AS0000869202,24032500136
AS0000869203,24032700134
AS0000869204,24032800386
AS0000869205,24032500026
AS0000869206,24032800228
AS0000869207,240403000029
AS0000869208,24032800234
AS0000869209,24032800312
AS0000869210,240410000208
AS0000869211,24032300299
AS0000869212,24032800392
AS0000869213,240403000067
AS0000869214,24032600053
AS0000869215,24032600445
AS0000869216,24032700065
AS0000869217,24032600451
AS0000869218,24032800178
AS0000869219,24032800355
AS0000869220,24032600366
AS0000869221,240403000320
AS0000869222,24032800023
AS0000869223,24032600477
AS0000869224,240403000051
AS0000869225,240425000161
AS0000869226,240407000621
AS0000869227,24032200021
AS0000869228,240415000237
AS0000869229,240425000153
AS0000869230,240425000009
AS0000869231,24032000284
AS0000869232,24032000173
AS0000869233,240410000051
AS0000869234,240415000204
AS0000869235,24031100945
AS0000869236,240425000165
AS0000869237,240425000040
AS0000869238,24032800438
AS0000869239,240425000234
AS0000869240,240410000422
AS0000869241,240412000342
AS0000869242,240407000328
AS0000869243,240425000215
AS0000869244,240406000336
AS0000869245,240425000203
AS0000869246,240410000330
AS0000869247,240425000066
AS0000869248,24032500133
AS0000869249,24032000260
AS0000869250,24032900161
AS0000869251,240409000634
AS0000869252,240410000060
AS0000869253,240415000213
AS0000869254,240425000024
AS0000869255,240410000045
AS0000869256,240415000245
AS0000869257,24031100539
AS0000869258,240412000327
AS0000869259,240412000196
AS0000869260,240425000201
AS0000869261,240425000151
AS0000869262,240425000155
AS0000869263,24032900005
AS0000869264,240425000013
AS0000869265,240407000245
AS0000869266,24031100575
AS0000869267,24031100585
AS0000869268,24032600396
AS0000869269,240407000519
AS0000869270,24033000011
AS0000869271,240419000006
AS0000869272,240407000525
AS0000869273,24032800326
AS0000869274,24032900157
AS0000869275,24032800510
AS0000869276,240403000472
AS0000869277,240425000173
AS0000869278,24032700145
AS0000869279,240407000152
AS0000869280,240407000542
AS0000869281,24041700013
AS0000869282,240425000069
AS0000869283,24032700185
AS0000869284,240403000035
AS0000869285,24032800168
AS0000869286,24032900119
AS0000869287,240415000246
AS0000869288,24032700176
AS0000869289,24032700117
AS0000869290,24031101232
AS0000869291,24032500125
AS0000869292,24032500211
AS0000869293,24032500213
AS0000869294,24032700262
AS0000869295,240415000016
AS0000869296,24032500192
AS0000869297,24031100179
AS0000869298,24041700016
AS0000869299,240425000183
AS0000869300,24032800304
AS0000869301,24032500342
AS0000869302,240407000454
AS0000869303,24031800013
AS0000869304,240410000334
AS0000869305,240419000163
AS0000869306,24031100291
AS0000869307,24031100343
AS0000869308,24031100063
AS0000869309,24032700037
AS0000869310,240415000041
AS0000869311,24032700108
AS0000869312,240425000028
AS0000869313,240419000125
AS0000869314,240425000102
AS0000869315,24032800151
AS0000869316,240419000051
AS0000869317,240407000644
AS0000869318,240425000196
AS0000869319,24031100405
AS0000869320,240409000114
AS0000869321,240415000199
AS0000869322,240406000130
AS0000869323,24032600174
AS0000869324,240415000092
AS0000869325,24032800505
AS0000869326,24032600233
AS0000869327,240407000306
AS0000869328,24031100395
AS0000869329,24032500308
AS0000869330,24032100284
AS0000869331,24032900190
AS0000869332,24032700118
AS0000869333,240425000192
AS0000869334,24032500393
AS0000869335,24032700182
AS0000869336,24032600408
AS0000869337,24032700036
AS0000869338,24032700186
AS0000869339,240419000007
AS0000869340,24032700252
AS0000869341,24031100413
AS0000869342,24032700241
AS0000869343,24031101259
AS0000869344,24031101245
AS0000869345,24031100055
AS0000869346,240425000012
AS0000869347,24032700253
AS0000869348,24032600332
AS0000869349,24032500027
AS0000869350,24032900188
AS0000869351,240425000220
AS0000869352,24031100713
AS0000869353,24032800273
AS0000869354,24032600397
AS0000869355,24032600444
AS0000869356,24032800025
AS0000869357,240406000644
AS0000869358,240406000085
AS0000869359,240409000018
AS0000869360,24032200112
AS0000869361,24032800506
AS0000869362,24032800265
AS0000869363,240410000361
AS0000869364,240407000159
AS0000869365,240409000315
AS0000869366,24032300152
AS0000869367,240425000085
AS0000869368,240409000647
AS0000869369,24032600152
AS0000869370,240410000336
AS0000869371,24032600155
AS0000869372,24032700124
AS0000869373,240403000015
AS0000869374,240409000538
AS0000869375,24032800310
AS0000869376,240425000216
AS0000869377,24032800336
AS0000869378,24032800377
AS0000869379,240425000150
AS0000869380,240425000061
AS0000869381,24032600450
AS0000869382,240412000202
AS0000869383,240425000207
AS0000869384,24031100581
AS0000869385,24031100725
AS0000869386,24032800480
AS0000869387,24032300278
AS0000869388,24032700228
AS0000869389,24032800333
AS0000869390,24031100813
AS0000869391,24031100185
AS0000869392,240419000131
AS0000869393,240409000264
AS0000869394,240410000406
AS0000869395,24032700128
AS0000869396,24032700218
AS0000869397,24032600212
AS0000869398,240407000393
AS0000869399,240407000508
AS0000869400,240415000195
AS0000869401,240409000089
AS0000869402,240425000158
AS0000869403,24032900153
AS0000869404,24032500214
AS0000869405,240425000211
AS0000869406,240415000039
AS0000869407,24032700004
AS0000869408,240425000160
AS0000869409,240403000205
AS0000869410,240406000561
AS0000869411,24032300004
AS0000869412,24031100401
AS0000869413,24032800082
AS0000869414,240407000515
AS0000869415,240419000082
AS0000869416,240425000156
AS0000869417,24031100643
AS0000869418,240415000055
AS0000869419,240412000337
AS0000869420,240412000159
AS0000869421,240406000144
AS0000869422,240427000009
AS0000869423,24033000174
AS0000869424,240412000203
AS0000869425,24031100973
AS0000869426,24031100921
AS0000869427,240425000027
AS0000869428,24032900174
AS0000869429,240419000114
AS0000869430,24031100195
AS0000869431,24031100975
AS0000869432,24031100669
AS0000869433,240409000472
AS0000869434,240425000229
AS0000869435,240409000358
AS0000869436,240407000545
AS0000869437,240425000221
AS0000869438,24032800484
AS0000869439,24032500007
AS0000869440,240425000154
AS0000869441,24032600034
AS0000869442,240410000288
AS0000869443,24031100357
AS0000869444,24031100283
AS0000869445,24032600234
AS0000869446,24031101005
AS0000869447,240425000218
AS0000869448,24031101295
AS0000869449,24032800244
AS0000869450,240415000058
AS0000869451,24031100429
AS0000869452,24031100573
AS0000869453,24031100935
AS0000869454,240407000132
AS0000869455,240425000190
AS0000869456,240406000011
AS0000869457,24032900195
AS0000869458,24031101027
AS0000869459,24032600440
AS0000869460,240419000011
AS0000869461,240415000191
AS0000869462,24031101211
AS0000869463,24032500300
AS0000869464,240412000041
AS0000869465,24032700090
AS0000869466,24033000171
AS0000869467,24032800222
AS0000869468,24032600412
AS0000869469,24032800328
AS0000869470,24032500359
AS0000869471,240403000253
AS0000869472,24032700044
AS0000869473,24032800159
AS0000869474,24032800416
AS0000869475,24032700064
AS0000869476,240403000402
AS0000869477,24033000277
AS0000869478,24032600066
AS0000869479,24032500335
AS0000869480,24032800095
AS0000869481,24032700079
AS0000869482,24032700152
AS0000869483,24032600420
AS0000869484,240407000459
AS0000869485,24031800111
AS0000869486,24032800051
AS0000869487,240415000067
AS0000869488,24032300055
AS0000869489,240409000135
AS0000869490,24032500362
AS0000869491,24032600462
AS0000869492,24032500373
AS0000869493,24032700246
AS0000869494,24032600468
AS0000869495,240407000270
AS0000869496,24032800479
AS0000869497,240403000129
AS0000869498,24032600166
AS0000869499,24032800133
AS0000869500,240403000404
AS0000869501,24032500363
AS0000869502,24032900133
AS0000869503,240403000256
AS0000869504,240403000412
AS0000869505,240425000050
AS0000869506,24032500181
AS0000869507,24032300220
AS0000869508,24032600173
AS0000869509,24032600028
AS0000869510,24032500242
AS0000869511,24032800332
AS0000869512,240425000245
AS0000869513,24032800169
AS0000869514,24032800382
AS0000869515,24032800136
AS0000869516,24032900094
AS0000869517,24032500138
AS0000869518,24032500162
AS0000869519,240425000064
AS0000869520,24032600387
AS0000869521,24032800034
AS0000869522,24031100231
AS0000869523,240419000127
AS0000869524,24032800504
AS0000869525,24032700138
AS0000869526,240427000010
AS0000869527,24032500237
AS0000869528,240425000062
AS0000869529,24032500001
AS0000869530,24032800022
AS0000869531,24032500172
AS0000869532,24032500022
AS0000869533,24032500371
AS0000869534,24032500151
AS0000869535,24032600123
AS0000869536,24032600178
AS0000869537,240425000237
AS0000869538,24032500012
AS0000869539,240415000163
AS0000869540,24032600045
AS0000869541,24032900189
AS0000869542,24032600202
AS0000869543,24032300145
AS0000869544,24032600298
AS0000869545,240412000114
AS0000869546,24032800508
AS0000869547,24032700015
AS0000869548,24032600072
AS0000869549,240406000671
AS0000869550,240403000196
AS0000869551,240415000009
AS0000869552,24032700054
AS0000869553,240419000050
AS0000869554,240419000064
AS0000869555,240409000020
AS0000869556,24032500168
AS0000869557,24033000165
AS0000869558,24032500200
AS0000869559,240409000278
AS0000869560,240406000180
AS0000869561,24032500374
AS0000869562,240403000539
AS0000869563,240406000281
AS0000869564,24032900107
AS0000869565,24032500158
AS0000869566,240403000207
AS0000869567,240415000314
AS0000869568,24032200285
AS0000869569,24033000188
AS0000869570,24032600314
AS0000869571,24032600336
AS0000869572,24033000156
AS0000869573,240410000068
AS0000869574,240415000147
AS0000869575,240415000238
AS0000869576,24032600119
AS0000869577,24032500197
AS0000869578,24032600118
AS0000869579,24031800451
AS0000869580,24032700110
AS0000869581,24032500159
AS0000869582,240415000330
AS0000869583,24032900170
AS0000869584,24033000055
AS0000869585,24032900070
AS0000869586,24032700215
AS0000869587,240403000038
AS0000869588,240403000193
AS0000869589,24032600191
AS0000869590,240406000277
AS0000869591,240403000042
AS0000869592,24032900001
AS0000869593,24033000193
AS0000869594,24032700025
AS0000869595,24032700130
AS0000869596,24032600465
AS0000869597,24032700127
AS0000869598,24033000180
AS0000869599,24032500130
AS0000869600,24032800250
AS0000869601,24032600422
AS0000869602,24032700040
AS0000869603,24032500117
AS0000869604,24032800430
AS0000869605,24032800100
AS0000869606,24032900018
AS0000869607,24032900048
AS0000869608,24032700105
AS0000869609,24032800363
AS0000869610,24032700245
AS0000869611,240403000417
AS0000869612,240403000325
AS0000869613,24031800476
AS0000869614,24031100277
AS0000869615,240406000320
AS0000869616,24032700260
AS0000869617,24032600175
AS0000869618,24032600317
AS0000869619,240403000334
AS0000869620,24032600116
AS0000869621,24032800520
AS0000869622,24032500248
AS0000869623,24032800127
AS0000869624,24032500049
AS0000869625,24032600214
AS0000869626,24032500403
AS0000869627,240410000364
AS0000869628,24032000275
AS0000869629,24032500261
AS0000869630,24032700006
AS0000869631,24032200035
AS0000869632,24032700013
AS0000869633,24032500204
AS0000869634,240403000116
AS0000869635,24032600411
AS0000869636,240406000542
AS0000869637,240419000120
AS0000869638,240415000091
AS0000869639,24032800474
AS0000869640,24032600148
AS0000869641,240403000200
AS0000869642,24032900127
AS0000869643,24032800238
AS0000869644,24032600277
AS0000869645,24033000032
AS0000869646,240407000627
AS0000869647,24032600199
AS0000869648,24032700080
AS0000869649,240425000037
AS0000869650,24032500236
AS0000869651,240403000083
AS0000869652,24032800473
AS0000869653,24032600079
AS0000869654,24032500398
AS0000869655,24032000036
AS0000869656,24032700102
AS0000869657,24032600081
AS0000869658,240403000311
AS0000869659,24032600145
AS0000869660,24032000035
AS0000869661,240403000113
AS0000869662,24032800031
AS0000869663,24032500164
AS0000869664,24032700169
AS0000869665,24041700018
AS0000869666,240403000211
AS0000869667,24032500156
AS0000869668,240415000066
AS0000869669,240403000292
AS0000869670,240425000130
AS0000869671,240415000012
AS0000869672,240419000160
AS0000869673,240403000375
AS0000869674,24032600354
AS0000869675,24032600448
AS0000869676,240425000010
AS0000869677,240415000321
AS0000869678,240403000257
AS0000869679,240412000093
AS0000869680,240403000451
AS0000869681,240419000075
AS0000869682,24032800354
AS0000869683,240403000172
AS0000869684,240415000186
AS0000869685,240403000453
AS0000869686,240406000069
AS0000869687,240403000179
AS0000869688,240415000322
AS0000869689,240403000234
AS0000869690,24032900175
AS0000869691,24032300158
AS0000869692,240407000510
AS0000869693,240409000232
AS0000869694,24032900069
AS0000869695,24032800016
AS0000869696,240425000015
AS0000869697,24032900114
AS0000869698,24032900039
AS0000869699,240406000023
AS0000869700,240407000625
AS0000869701,240425000204
AS0000869702,24032900151
AS0000869703,240403000452
AS0000869704,240425000018
AS0000869705,240407000442
AS0000869706,24032500419
AS0000869707,24032800254
AS0000869708,24032800065
AS0000869709,240407000129
AS0000869710,24031800485
AS0000869711,240403000378
AS0000869712,240409000494
AS0000869713,240406000027
AS0000869714,240409000140
AS0000869715,24032500260
AS0000869716,240407000385
AS0000869717,240406000032
AS0000869718,24032800075
AS0000869719,24032800062
AS0000869720,24032800379
AS0000869721,24032800099
AS0000869722,24032600476
AS0000869723,24032800241
AS0000869724,240406000137
AS0000869725,24032100182
AS0000869726,24032800351
AS0000869727,240406000107
AS0000869728,24032700051
AS0000869729,24032300300
AS0000869730,24032500381
AS0000869731,240406000091
AS0000869732,24032700058
AS0000869733,24032800097
AS0000869734,240409000134
AS0000869735,240403000189
AS0000869736,240403000036
AS0000869737,24032800308
AS0000869738,24032500025
AS0000869739,24032800518
AS0000869740,240406000082
AS0000869741,240407000646
AS0000869742,24032500421
AS0000869743,240415000137
AS0000869744,24031800137
AS0000869745,240419000161
AS0000869746,240406000237
AS0000869747,24032900200
AS0000869748,24031100853
AS0000869749,24032500217
AS0000869750,240403000382
AS0000869751,24032200197
AS0000869752,240425000103
AS0000869753,240415000072
AS0000869754,240425000038
AS0000869755,24032700232
AS0000869756,24032700016
AS0000869757,240415000024
AS0000869758,240407000366
AS0000869759,240425000020
AS0000869760,240425000157
AS0000869761,24032900084
AS0000869762,240425000152
AS0000869763,240425000184
AS0000869764,24032700250
AS0000869765,240407000470
AS0000869766,240407000574
AS0000869767,24031100295
AS0000869768,240406000547
AS0000869769,240425000193
AS0000869770,240406000492
AS0000869771,24032900125
AS0000869772,240409000113
AS0000869773,240425000034
AS0000869774,24033000247
AS0000869775,240415000071
AS0000869776,240425000005
AS0000869777,24032700221
AS0000869778,24032700239
AS0000869779,240406000526
AS0000869780,240403000499
AS0000869781,240425000194
AS0000869782,240409000021
AS0000869783,24031100693
AS0000869784,24032800096
AS0000869785,24033000170
AS0000869786,240415000295
AS0000869787,240410000354
AS0000869788,240425000197
AS0000869789,240406000293
AS0000869790,240425000166
AS0000869791,24032900196
AS0000869792,240406000096
AS0000869793,240419000059
AS0000869794,240403000482
AS0000869795,240406000678
AS0000869796,240425000042
AS0000869797,240415000234
AS0000869798,24033000026
AS0000869799,24032600139
AS0000869800,240425000195
AS0000869801,24032300118
AS0000869802,240403000488
AS0000869803,24032700115
AS0000869804,240406000010
AS0000869805,240406000243
AS0000869806,240403000252
AS0000869807,240403000458
AS0000869808,240406000327
AS0000869809,240425000057
AS0000869810,24032500266
AS0000869811,240419000012
AS0000869812,240406000188
AS0000869813,240425000049
AS0000869814,240406000401
AS0000869815,24032700136
AS0000869816,240415000148
AS0000869817,240419000086
AS0000869818,24033000172
AS0000869819,240425000162
AS0000869820,24033000275
AS0000869821,24032900143
AS0000869822,240403000221
AS0000869823,240425000185
AS0000869824,240403000515
AS0000869825,240410000053
AS0000869826,24032900142
AS0000869827,24032600296
AS0000869828,240406000190
AS0000869829,240419000093
AS0000869830,240409000511
AS0000869831,24031100417
AS0000869832,24032600385
AS0000869833,24032600443
AS0000869834,240425000083
AS0000869835,24032700069
AS0000869836,24031100965
AS0000869837,240415000232
AS0000869838,24031101230
AS0000869839,240409000527
AS0000869840,240410000050
AS0000869841,240409000627
AS0000869842,240407000375
AS0000869843,240409000228
AS0000869844,24032000072
AS0000869845,24032500394
AS0000869846,24032800035
AS0000869847,24032700014
AS0000869848,240415000036
AS0000869849,24033000224
AS0000869850,240406000077
AS0000869851,24032500281
AS0000869852,24032800116
AS0000869853,240412000034
AS0000869854,240419000118
AS0000869855,24032300235
AS0000869856,240425000007
AS0000869857,240419000103
AS0000869858,24031100613
AS0000869859,240407000194
AS0000869860,24032600090
AS0000869861,24031100099
AS0000869862,24031100407
AS0000869863,240419000097
AS0000869864,24032700261
AS0000869865,24032900145
AS0000869866,24032800036
AS0000869867,240410000383
AS0000869868,240407000603
AS0000869869,24031100045
AS0000869870,240407000619
AS0000869871,24031101303
AS0000869872,24032600104
AS0000869873,240425000022
AS0000869874,24031100285
AS0000869875,240415000337
AS0000869876,240419000084
AS0000869877,240403000049
AS0000869878,24032600227
AS0000869879,24032000023
AS0000869880,24032800106
AS0000869881,24032500294
AS0000869882,24032800526
AS0000869883,24031100985
AS0000869884,24031100969
AS0000869885,24041700037
AS0000869886,24032800221
AS0000869887,24031100857
AS0000869888,24031100237
AS0000869889,240425000082
AS0000869890,240425000063
AS0000869891,24032000033
AS0000869892,24032500191
AS0000869893,24041700007
AS0000869894,240403000218
AS0000869895,240415000223
AS0000869896,24032300049
AS0000869897,24031100913
AS0000869898,24032600266
AS0000869899,240409000543
AS0000869900,24032600292
AS0000869901,24031100559
AS0000869902,24032600127
AS0000869903,24032600285
AS0000869904,240425000086
AS0000869905,24032600287
AS0000869906,240406000513
AS0000869907,24032600080
AS0000869908,240410000417
AS0000869909,240419000152
AS0000869910,24032800340
AS0000869911,24032600437
AS0000869912,24031101226
AS0000869913,240425000035
AS0000869914,240409000607
AS0000869915,240419000164
AS0000869916,24032000139
AS0000869917,24032800439
AS0000869918,240425000019
AS0000869919,24032700214
AS0000869920,24032800021
AS0000869921,240425000074
AS0000869922,240410000057
AS0000869923,240419000008
AS0000869924,24032800469
AS0000869925,24031100715
AS0000869926,24041700034
AS0000869927,24031100757
AS0000869928,24031100807
AS0000869929,24031100561
AS0000869930,240425000101
AS0000869931,24031100979
AS0000869932,24032700097
AS0000869933,24031100983
AS0000869934,24032800348
AS0000869935,24032000271
AS0000869936,240415000051
AS0000869937,24032000145
AS0000869938,24032000277
AS0000869939,240415000235
AS0000869940,24031100689
AS0000869941,240419000138
AS0000869942,240415000225
AS0000869943,24031101011
AS0000869944,240409000641
AS0000869945,24032000276
AS0000869946,24032500154
AS0000869947,24032500195
AS0000869948,240406000471
AS0000869949,240425000033
AS0000869950,24031100749
AS0000869951,24032200003
AS0000869952,24032500388
AS0000869953,24041700048
AS0000869954,24032600109
AS0000869955,24032600027
AS0000869956,24032900178
AS0000869957,240415000320
AS0000869958,240410000044
AS0000869959,240409000206
AS0000869960,24031100223
AS0000869961,240415000324
AS0000869962,240406000306
AS0000869963,24032100199
AS0000869964,240406000503
AS0000869965,240406000113
AS0000869966,24032800070
AS0000869967,240403000186
AS0000869968,24041700019
AS0000869969,24032600165
AS0000869970,24032700171
AS0000869971,240406000340
AS0000869972,240409000503
AS0000869973,24032800444
AS0000869974,24033000243
AS0000869975,24032800239
AS0000869976,24041700027
AS0000869977,240409000016
AS0000869978,24031100583
AS0000869979,24032600078
AS0000869980,240415000258
AS0000869981,24041700011
AS0000869982,24032600089
AS0000869983,240415000100
AS0000869984,240410000346
AS0000869985,24032800428
AS0000869986,24032700052
AS0000869987,24032800249
AS0000869988,24033000197
AS0000869989,24032300289
AS0000869990,24032600077
AS0000869991,24032800346
AS0000869992,24032600083
AS0000869993,24033000043
AS0000869994,24032300054
AS0000869995,24032500240
AS0000869996,24033000126
AS0000869997,24033000025
AS0000869998,24032000115
AS0000869999,24032900074
AS0000870000,24032800142
AS0000870001,240406000273
AS0000870002,24032900064
AS0000870003,240406000657
AS0000870004,240412000347
AS0000870005,24032500112
AS0000870006,24033000060
AS0000870007,24032500128
AS0000870008,24033000169
AS0000870009,24032600179
AS0000870010,24032900017
AS0000870011,24031100269
AS0000870012,24032600409
AS0000870013,240403000514
AS0000870014,24032600434
AS0000870015,240415000054
AS0000870016,240403000117
AS0000870017,24032800252
AS0000870018,240415000236
AS0000870019,24032800341
AS0000870020,240406000183
AS0000870021,24031101262
AS0000870022,24031100273
AS0000870023,24032500231
AS0000870024,240403000326
AS0000870025,24031400087
AS0000870026,240406000240
AS0000870027,24032500051
AS0000870028,240409000120
AS0000870029,240412000195
AS0000870030,240415000032
AS0000870031,24032800240
AS0000870032,24032600185
AS0000870033,240425000006
AS0000870034,24032800432
AS0000870035,240406000270
AS0000870036,24032800120
AS0000870037,240415000010
AS0000870038,24032900139
AS0000870039,24033000130
AS0000870040,240415000017
AS0000870041,24032700223
AS0000870042,24032500161
AS0000870043,240412000274
AS0000870044,24033000037
AS0000870045,24032500173
AS0000870046,240409000532
AS0000870047,240425000240
AS0000870048,24031100893
AS0000870049,24032500209
AS0000870050,24032500328
AS0000870051,24032500135
AS0000870052,24032200207
AS0000870053,24032800405
AS0000870054,240415000112
AS0000870055,24032500286
AS0000870056,240403000540
AS0000870057,24032500361
AS0000870058,240415000315
AS0000870059,24032800259
AS0000870060,24041700017
AS0000870061,24032200159
AS0000870062,240425000097
AS0000870063,24041700020
AS0000870064,240403000121
AS0000870065,240407000417
AS0000870066,24031100581
AS0000870067,240425000046
AS0000870068,240425000200
AS0000870069,24032800030
AS0000870070,24032800385
AS0000870071,24041700009
AS0000870072,240406000020
AS0000870073,24031100613
AS0000870074,24032800243
AS0000870075,24031100147
AS0000870076,24032800139
AS0000870077,240419000153
AS0000870078,240409000148
AS0000870079,24041700022
AS0000870080,24032600052
AS0000870081,24032600097
AS0000870082,240425000146
AS0000870083,240407000374
AS0000870084,240415000196
AS0000870085,240425000163
AS0000870086,240409000107
AS0000870087,240425000164
AS0000870088,24031100695
AS0000870089,240409000190
AS0000870090,24041700038
AS0000870091,24032600215
AS0000870092,240406000472
AS0000870093,24032600294
AS0000870094,24032500131
AS0000870095,240406000138
AS0000870096,24032700217
AS0000870097,240406000638
AS0000870098,24032500221
AS0000870099,240415000326
AS0000870100,24032500011
AS0000870101,24032800122
AS0000870102,24032800109
AS0000870103,24032800515
AS0000870104,240412000064
AS0000870105,24032700007
AS0000870106,240425000170
AS0000870107,24032500004
AS0000870108,240425000174
AS0000870109,24032800027
AS0000870110,240406000280
AS0000870111,24032700206
AS0000870112,240415000087
AS0000870113,24041700010
AS0000870114,240409000646
AS0000870115,24032800407
AS0000870116,24041700015
AS0000870117,240425000092
AS0000870118,240415000020
AS0000870119,240409000146
AS0000870120,24032800094
AS0000870121,240425000191
AS0000870122,240425000178
AS0000870123,24032700083
AS0000870124,24032600150
AS0000870125,240425000219
AS0000870126,24032700029
AS0000870127,24032600064
AS0000870128,240415000042
AS0000870129,240415000168
AS0000870130,24032500299
AS0000870131,24032700135
AS0000870132,24032800318
AS0000870133,24032000027
AS0000870134,240427000011
AS0000870135,24032800255
AS0000870136,24032600417
AS0000870137,240410000416
AS0000870138,240410000258
AS0000870139,24041700045
AS0000870140,240412000212
AS0000870141,24032700034
AS0000870142,24032700056
AS0000870143,240427000012
AS0000870144,240406000670
AS0000870215,W31-20240517-1165
AS0000870216,W31-20240517-1166
AS0000870217,W31-20240517-1167
AS0000870218,W31-20240517-1168
AS0000870219,W31-20240517-1169
AS0000870220,W31-20240517-1170
AS0000870221,W31-20240517-1171
AS0000870222,W31-20240517-1172
AS0000870223,W31-20240517-1173
AS0000870224,W31-20240517-1174
AS0000870225,W31-20240517-1175
AS0000870226,W31-20240517-1176
AS0000870227,W31-20240517-1177
AS0000870228,W31-20240517-1178
AS0000870229,W31-20240517-1179
AS0000870230,W31-20240517-1180
AS0000870231,W31-20240517-1181
AS0000870232,W31-20240517-1182
AS0000870233,W31-20240517-1183
AS0000870234,W31-20240517-1184
AS0000870235,W31-20240517-1185
AS0000870236,W31-20240517-1186
AS0000870237,W31-20240517-1187
AS0000870238,W31-20240517-1188
AS0000870239,W31-20240517-1189
AS0000870240,W31-20240517-1190
AS0000870241,W31-20240517-1191
AS0000870242,W31-20240517-1192
AS0000870243,W31-20240517-1193
AS0000870244,W31-20240517-1194
AS0000870245,W31-20240517-1195
AS0000870246,W31-20240517-1196
AS0000870247,W31-20240517-1197
AS0000870248,W31-20240517-1198
AS0000870249,W31-20240517-1199
AS0000870250,W31-20240517-1200
AS0000870251,W31-20240517-1201
AS0000870252,W31-20240517-1202
AS0000870253,W31-20240517-1203
AS0000870254,W31-20240517-1204
AS0000870255,W31-20240517-1205
AS0000870256,W31-20240517-1206
AS0000870257,W31-20240517-1207
AS0000870258,W31-20240517-1208
AS0000870259,W31-20240517-1209
AS0000870260,W31-20240517-1210
AS0000870261,W31-20240517-1211
AS0000870262,W31-20240517-1212
AS0000870263,W31-20240517-1213
AS0000870264,W31-20240517-1214
AS0000870265,W31-20240517-1215
AS0000870266,W31-20240517-1216
AS0000870267,W31-20240517-1217
AS0000870268,W31-20240517-1218
AS0000870269,W31-20240517-1219
AS0000870270,W31-20240517-1220
AS0000870271,W31-20240517-1221
AS0000870272,W31-20240517-1222
AS0000870273,W31-20240517-1223
AS0000870274,W31-20240517-1224
AS0000870275,W31-20240517-1225
AS0000870276,W31-20240517-1226
AS0000870277,W31-20240517-1227
AS0000870278,W31-20240517-1228
AS0000870279,W31-20240517-1229
AS0000870280,W31-20240517-1230
AS0000870281,W31-20240517-1231
AS0000870282,W31-20240517-1232
AS0000870283,W31-20240517-1233
AS0000870284,W31-20240517-1234
AS0000870285,W31-20240517-1235
AS0000870286,W31-20240517-1236
AS0000870287,W31-20240517-1237
AS0000870288,W31-20240517-1238
AS0000870289,W31-20240517-1239
AS0000870290,W31-20240517-1240
AS0000870291,W31-20240517-1241
AS0000870292,W31-20240517-1242
AS0000870293,W31-20240517-1243
AS0000870294,W31-20240517-1244
AS0000870295,W31-20240517-1245
AS0000870296,W31-20240517-1246
AS0000870297,W31-20240517-1247
AS0000870298,W31-20240517-1248
AS0000870299,W31-20240517-1249
AS0000870300,W31-20240517-1250
AS0000870301,W31-20240517-1251
AS0000870302,W31-20240517-1252
AS0000870303,W31-20240517-1253
AS0000870304,W31-20240517-1254
AS0000870305,W31-20240517-1255
AS0000870306,W31-20240517-1256
AS0000870307,W31-20240517-1257
AS0000870308,W31-20240517-1258
AS0000870309,W31-20240517-1259
AS0000870310,W31-20240517-1260
AS0000870311,W31-20240517-1261
AS0000870312,W31-20240517-1262
AS0000870313,W31-20240517-1263
AS0000870314,W31-20240517-1264
AS0000870315,W31-20240517-1265
AS0000870316,W31-20240517-1266
AS0000870317,W31-20240517-1267
AS0000870318,W31-20240517-1268
AS0000870319,W31-20240517-1269
AS0000870320,W31-20240517-1270
AS0000870321,W31-20240517-1271
AS0000870322,W31-20240517-1272
AS0000870323,W31-20240517-1273
AS0000870324,W31-20240517-1274
AS0000870325,W31-20240517-1275
AS0000870326,W31-20240517-1276
AS0000870327,W31-20240517-1277
AS0000870328,W31-20240517-1278
AS0000870329,W31-20240517-1279
AS0000870330,W31-20240517-1280
AS0000870331,W31-20240517-1281
AS0000870332,W31-20240517-1282
AS0000870333,W31-20240517-1283
AS0000870334,W31-20240517-1284
AS0000870335,W31-20240517-1285
AS0000870336,W31-20240517-1286
AS0000870337,W31-20240517-1287
AS0000870338,W31-20240517-1288
AS0000870339,W31-20240517-1289
AS0000870340,W31-20240517-1290
AS0000870341,W31-20240517-1291
AS0000870342,W31-20240517-1292
AS0000870343,W31-20240517-1293
AS0000870344,W31-20240517-1294
AS0000870345,W31-20240517-1295
AS0000870346,W31-20240517-1296
AS0000870347,W31-20240517-1297
AS0000870348,W31-20240517-1298
AS0000870349,W31-20240517-1299
AS0000870350,W31-20240517-1300
AS0000870351,W31-20240517-1301
AS0000870352,W31-20240517-1302
AS0000870353,W31-20240517-1303
AS0000870354,W31-20240517-1304
AS0000870355,W31-20240517-1305
AS0000870356,W31-20240517-1306
AS0000870357,W31-20240517-1307
AS0000870358,W31-20240517-1308
AS0000870359,W31-20240517-1309
AS0000870360,W31-20240517-1310
AS0000870361,W31-20240517-1311
AS0000870362,W31-20240517-1312
AS0000870363,W31-20240517-1313
AS0000870364,W31-20240517-1314
AS0000870365,W31-20240517-1315
AS0000870366,W31-20240517-1316
AS0000870367,W31-20240517-1317
AS0000870368,W31-20240517-1318
AS0000870369,W31-20240517-1319
AS0000870370,W31-20240517-1320
AS0000870371,W31-20240517-1321
AS0000870372,W31-20240517-1322
AS0000870373,W31-20240517-1323
AS0000870374,W31-20240517-1324
AS0000870375,W31-20240517-1325
AS0000870376,W31-20240517-1326
AS0000870377,W31-20240517-1327
AS0000870378,W31-20240517-1328
AS0000870379,W31-20240517-1329
AS0000870380,W31-20240517-1330
AS0000870381,W31-20240517-1331
AS0000870382,W31-20240517-1332
AS0000870383,W31-20240517-1333
AS0000870384,W31-20240517-1334
AS0000870385,W31-20240517-1335
AS0000870386,W31-20240517-1336
AS0000870387,W31-20240517-1337
AS0000870388,W31-20240517-1338
AS0000870389,W31-20240517-1339
AS0000870390,W31-20240517-1340
AS0000870391,W31-20240517-1341
AS0000870392,W31-20240517-1342
AS0000870393,W31-20240517-1343
AS0000870394,W31-20240517-1344
AS0000870395,W31-20240517-1345
AS0000870396,W31-20240517-1346
AS0000870397,W31-20240517-1347
AS0000870398,W31-20240517-1348
AS0000870399,W31-20240517-1349
AS0000870400,W31-20240517-1350
AS0000870401,W31-20240517-1351
AS0000870402,W31-20240517-1352
AS0000870403,W31-20240517-1353
AS0000870404,W31-20240517-1354
AS0000870405,W31-20240517-1355
AS0000870406,W31-20240517-1356
AS0000870407,W31-20240517-1357
AS0000870408,W31-20240517-1358
AS0000870409,W31-20240517-1359
AS0000870410,W31-20240517-1360
AS0000870411,W31-20240517-1361
AS0000870412,W31-20240517-1362
AS0000870413,W31-20240517-1363
AS0000870414,W31-20240517-1364
AS0000870415,W31-20240517-1365
AS0000870416,W31-20240517-1366
AS0000870417,W31-20240517-1367
AS0000870418,W31-20240517-1368
AS0000870419,W31-20240517-1369
AS0000870420,W31-20240517-1370
AS0000870421,W31-20240517-1371
AS0000870422,W31-20240517-1372
AS0000870423,W31-20240517-1373
AS0000870424,W31-20240517-1374
AS0000870425,W31-20240517-1375
AS0000870426,W31-20240517-1376
AS0000870427,W31-20240517-1377
AS0000870428,W31-20240517-1378
AS0000870429,W31-20240517-1379
AS0000870430,W31-20240517-1380
AS0000870431,W31-20240517-1381
AS0000870432,W31-20240517-1382
AS0000870433,W31-20240517-1383
AS0000870434,W31-20240517-1384
AS0000870435,W31-20240517-1385
AS0000870436,W31-20240517-1386
AS0000870437,W31-20240517-1387
AS0000870438,W31-20240517-1388
AS0000870439,W31-20240517-1389
AS0000870440,W31-20240517-1390
AS0000870441,W31-20240517-1391
AS0000870442,W31-20240517-1392
AS0000870443,W31-20240517-1393
AS0000870444,W31-20240517-1394
AS0000870445,W31-20240517-1395
AS0000870446,W31-20240517-1396
AS0000870447,W31-20240517-1397
AS0000870448,W31-20240517-1398
AS0000870449,W31-20240517-1399
AS0000870450,W31-20240517-1400
AS0000870451,W31-20240517-1401
AS0000870452,W31-20240517-1402
AS0000870453,W31-20240517-1403
AS0000870454,W31-20240517-1404
AS0000870455,W31-20240517-1405
AS0000870456,W31-20240517-1406
AS0000870457,W31-20240517-1407
AS0000870458,W31-20240517-1408
AS0000870459,W31-20240517-1409
AS0000870460,W31-20240517-1410
AS0000870461,W31-20240517-1411
AS0000870462,W31-20240517-1412
AS0000870463,W31-20240517-1413
AS0000870464,W31-20240517-1414
AS0000870465,W31-20240517-1415
AS0000870466,W31-20240517-1416
AS0000870467,W31-20240517-1417
AS0000870468,W31-20240517-1418
AS0000870469,W31-20240517-1419
AS0000870470,W31-20240517-1420
AS0000870471,W31-20240517-1421
AS0000870472,W31-20240517-1422
AS0000870473,W31-20240517-1423
AS0000870474,W31-20240517-1424
AS0000870475,W31-20240517-1425
AS0000870476,W31-20240517-1426
AS0000870477,W31-20240517-1427
AS0000870478,W31-20240517-1428
AS0000870479,W31-20240517-1429
AS0000870480,W31-20240517-1430
AS0000870481,W31-20240517-1431
AS0000870482,W31-20240517-1432
AS0000870483,W31-20240517-1433
AS0000870484,W31-20240517-1434
AS0000870485,W31-20240517-1435
AS0000870486,W31-20240517-1436
AS0000870487,W31-20240517-1437
AS0000870488,W31-20240517-1438
AS0000870489,W31-20240517-1439
AS0000870490,W31-20240517-1440
AS0000870491,W31-20240517-1441
AS0000870492,W31-20240517-1442
AS0000870493,W31-20240517-1443
AS0000870494,W31-20240517-1444
AS0000870495,W31-20240517-1445
AS0000870496,W31-20240517-1446
AS0000870497,W31-20240517-1447
AS0000870498,W31-20240517-1448
AS0000870499,W31-20240517-1449
AS0000870500,W31-20240517-1450
AS0000870501,W31-20240517-1451
AS0000870502,W31-20240517-1452
AS0000870503,W31-20240517-1453
AS0000870504,W31-20240517-1454
AS0000870505,W31-20240517-1455
AS0000870506,W31-20240517-1456
AS0000870507,W31-20240517-1457
AS0000870508,W31-20240517-1458
AS0000870509,W31-20240517-1459
AS0000870510,W31-20240517-1460
AS0000870511,W31-20240517-1461
AS0000870512,W31-20240517-1462
AS0000870513,W31-20240517-1463
AS0000870514,W31-20240517-1464
AS0000870515,W31-20240517-1465
AS0000870516,W31-20240517-1466
AS0000870517,W31-20240517-1467
AS0000870518,W31-20240517-1468
AS0000870519,W31-20240517-1469
AS0000870520,W31-20240517-1470
AS0000870521,W31-20240517-1471
AS0000870522,W31-20240517-1472
AS0000870523,W31-20240517-1473
AS0000870524,W31-20240517-1474
AS0000870525,W31-20240517-1475
AS0000870526,W31-20240517-1476
AS0000870527,W31-20240517-1477
AS0000870528,W31-20240517-1478
AS0000870529,W31-20240517-1479
AS0000870530,W31-20240517-1480
AS0000870531,W31-20240517-1481
AS0000870532,W31-20240517-1482
AS0000870533,W31-20240517-1483
AS0000870534,W31-20240517-1484
AS0000870535,W31-20240517-1485
AS0000870536,W31-20240517-1486
AS0000870537,W31-20240517-1487
AS0000870538,W31-20240517-1488
AS0000870539,W31-20240517-1489
AS0000870540,W31-20240517-1490
AS0000870541,W31-20240517-1491
AS0000870542,W31-20240517-1492
AS0000870543,W31-20240517-1493
AS0000870544,W31-20240517-1494
AS0000870545,W31-20240517-1495
AS0000870546,W31-20240517-1496
AS0000870547,W31-20240517-1497
AS0000870548,W31-20240517-1498
AS0000870549,W31-20240517-1499
AS0000870550,W31-20240517-1500
AS0000870551,W31-20240517-1501
AS0000870552,W31-20240517-1502
AS0000870553,W31-20240517-1503
AS0000870554,W31-20240517-1504
AS0000870555,W31-20240517-1505
AS0000870556,W31-20240517-1506
AS0000870557,W31-20240517-1507
AS0000870558,W31-20240517-1508
AS0000870559,W31-20240517-1509
AS0000870560,W31-20240517-1510
AS0000870561,W31-20240517-1511
AS0000870562,W31-20240517-1512
AS0000870563,W31-20240517-1513
AS0000870564,W31-20240517-1514
AS0000870565,W31-20240517-1515
AS0000870566,W31-20240517-1516
AS0000870567,W31-20240517-1517
AS0000870568,W31-20240517-1518
AS0000870569,W31-20240517-1519
AS0000870570,W31-20240517-1520
AS0000870571,W31-20240517-1521
AS0000870572,W31-20240517-1522
AS0000870573,W31-20240517-1523
AS0000870574,W31-20240517-1524
AS0000870575,W31-20240517-1525
AS0000870576,W31-20240517-1526
AS0000870577,W31-20240517-1527
AS0000870578,W31-20240517-1528
AS0000870579,W31-20240517-1529
AS0000870580,W31-20240517-1530
AS0000870581,W31-20240517-1531
AS0000870582,W31-20240517-1532
AS0000870583,W31-20240517-1533
AS0000870584,W31-20240517-1534
AS0000870585,W31-20240517-1535
AS0000870586,W31-20240517-1536
AS0000870587,W31-20240517-1537
AS0000870588,W31-20240517-1538
AS0000870589,W31-20240517-1539
AS0000870590,W31-20240517-1540
AS0000870591,W31-20240517-1541
AS0000870592,W31-20240517-1542
AS0000870593,W31-20240517-1543
AS0000870594,W31-20240517-1544
AS0000870595,W31-20240517-1545
AS0000870596,W31-20240517-1546
AS0000870597,W31-20240517-1547
AS0000870598,W31-20240517-1548
AS0000870599,W31-20240517-1549
AS0000870600,W31-20240517-1550
AS0000870601,W31-20240517-1551
AS0000870602,W31-20240517-1552
AS0000870603,W31-20240517-1553
AS0000870604,W31-20240517-1554
AS0000870605,W31-20240517-1555
AS0000870606,W31-20240517-1556
AS0000870607,W31-20240517-1557
AS0000870608,W31-20240517-1558
AS0000870609,W31-20240517-1559
AS0000870610,W31-20240517-1560
AS0000870611,W31-20240517-1561
AS0000870612,W31-20240517-1562
AS0000870613,W31-20240517-1563
AS0000870614,W31-20240517-1564
AS0000870615,W31-20240517-1565
AS0000870616,W31-20240517-1566
AS0000870617,W31-20240517-1567
AS0000870618,W31-20240517-1568
AS0000870619,W31-20240517-1569
AS0000870620,W31-20240517-1570
AS0000870621,W31-20240517-1571
AS0000870622,W31-20240517-1572
AS0000870623,W31-20240517-1573
AS0000870624,W31-20240517-1574
AS0000870625,W31-20240517-1575
AS0000870626,W31-20240517-1576
AS0000870627,W31-20240517-1577
AS0000870628,W31-20240517-1578
AS0000870629,W31-20240517-1579
AS0000870630,W31-20240517-1580
AS0000870631,W31-20240517-1581
AS0000870632,W31-20240517-1582
AS0000870633,W31-20240517-1583
AS0000870634,W31-20240517-1584
AS0000870635,W31-20240517-1585
AS0000870636,W31-20240517-1586
AS0000870637,W31-20240517-1587
AS0000870638,W31-20240517-1588
AS0000870639,W31-20240517-1589
AS0000870640,W31-20240517-1590
AS0000870641,W31-20240517-1591
AS0000870642,W31-20240517-1592
AS0000870643,W31-20240517-1593
AS0000870644,W31-20240517-1594
AS0000870645,W31-20240517-1595
AS0000870646,W31-20240517-1596
AS0000870647,W31-20240517-1597
AS0000870648,W31-20240517-1598
AS0000870649,W31-20240517-1599
AS0000870650,W31-20240517-1600
AS0000870651,W31-20240517-1601
AS0000870652,W31-20240517-1602
AS0000870653,W31-20240517-1603
AS0000870654,W31-20240517-1604
AS0000870655,W31-20240517-1605
AS0000870656,W31-20240517-1606
AS0000870657,W31-20240517-1607
AS0000870658,W31-20240517-1608
AS0000870659,W31-20240517-1609
AS0000870660,W31-20240517-1610
AS0000870661,W31-20240517-1611
AS0000870662,W31-20240517-1612
AS0000870663,W31-20240517-1613
AS0000870664,W31-20240517-1614
AS0000870665,W31-20240517-1615
AS0000870666,W31-20240517-1616
AS0000870667,W31-20240517-1617
AS0000870668,W31-20240517-1618
AS0000870669,W31-20240517-1619
AS0000870670,W31-20240517-1620
AS0000870671,W31-20240517-1621
AS0000870672,W31-20240517-1622
AS0000870673,W31-20240517-1623
AS0000870674,W31-20240517-1624
AS0000870675,W31-20240517-1625
AS0000870676,W31-20240517-1626
AS0000870677,W31-20240517-1627
AS0000870678,W31-20240517-1628
AS0000870679,W31-20240517-1629
AS0000870680,W31-20240517-1630
AS0000870681,W31-20240517-1631
AS0000870682,W31-20240517-1632
AS0000870683,W31-20240517-1633
AS0000870684,W31-20240517-1634
AS0000870685,W31-20240517-1635
AS0000870686,W31-20240517-1636
AS0000870687,W31-20240517-1637
AS0000870688,W31-20240517-1638
AS0000870689,W31-20240517-1639
AS0000870690,W31-20240517-1640
AS0000870691,W31-20240517-1641
AS0000870692,W31-20240517-1642
AS0000870693,W31-20240517-1643
AS0000870694,W31-20240517-1644
AS0000870695,W31-20240517-1645
AS0000870696,W31-20240517-1646
AS0000870697,W31-20240517-1647
AS0000870698,W31-20240517-1648
AS0000870699,W31-20240517-1649
AS0000870700,W31-20240517-1650
AS0000870701,W31-20240517-1651
AS0000870702,W31-20240517-1652
AS0000870703,W31-20240517-1653
AS0000870704,W31-20240517-1654
AS0000870705,W31-20240517-1655
AS0000870706,W31-20240517-1656
AS0000870707,W31-20240517-1657
AS0000870708,W31-20240517-1658
AS0000870709,W31-20240517-1659
AS0000870710,W31-20240517-1660
AS0000870711,W31-20240517-1661
AS0000870712,W31-20240517-1662
AS0000870713,W31-20240517-1663
AS0000870714,W31-20240517-1664
AS0000870715,W31-20240517-1665
AS0000870716,W31-20240517-1666
AS0000870717,W31-20240517-1667
AS0000870718,W31-20240517-1668
AS0000870719,W31-20240517-1669
AS0000870720,W31-20240517-1670
AS0000870721,W31-20240517-1671
AS0000870722,W31-20240517-1672
AS0000870723,W31-20240517-1673
AS0000870724,W31-20240517-1674
AS0000870725,W31-20240517-1675
AS0000870726,W31-20240517-1676
AS0000870727,W31-20240517-1677
AS0000870728,W31-20240517-1678
AS0000870729,W31-20240517-1679
AS0000870730,W31-20240517-1680
AS0000870731,W31-20240517-1681
AS0000870732,W31-20240517-1682
AS0000870733,W31-20240517-1683
AS0000870734,W31-20240517-1684
AS0000870735,W31-20240517-1685
AS0000870736,W31-20240517-1686
AS0000870737,W31-20240517-1687
AS0000870738,W31-20240517-1688
AS0000870739,W31-20240517-1689
AS0000870740,W31-20240517-1690
AS0000870741,W31-20240517-1691
AS0000870742,W31-20240517-1692
AS0000870743,W31-20240517-1693
AS0000870744,W31-20240517-1694
AS0000870745,W31-20240517-1695
AS0000870746,W31-20240517-1696
AS0000870747,W31-20240517-1697
AS0000870748,W31-20240517-1698
AS0000870749,W31-20240517-1699
AS0000870750,W31-20240517-1700
AS0000870751,W31-20240517-1701
AS0000870752,W31-20240517-1702
AS0000870753,W31-20240517-1703
AS0000870754,W31-20240517-1704
AS0000870755,W31-20240517-1705
AS0000870756,W31-20240517-1706
AS0000870757,W31-20240517-1707
AS0000870758,W31-20240517-1708
AS0000870759,W31-20240517-1709
AS0000870760,W31-20240517-1710
AS0000870761,W31-20240517-1711
AS0000870762,W31-20240517-1712
AS0000870763,W31-20240517-1713
AS0000870764,W31-20240517-1714
AS0000870765,W31-20240517-1715
AS0000870766,W31-20240517-1716
AS0000870767,W31-20240517-1717
AS0000870768,W31-20240517-1718
AS0000870769,W31-20240517-1719
AS0000870770,W31-20240517-1720
AS0000870771,W31-20240517-1721
AS0000870772,W31-20240517-1722
AS0000870773,W31-20240517-1723
AS0000870774,W31-20240517-1724
AS0000870775,W31-20240517-1725
AS0000870776,W31-20240517-1726
AS0000870777,W31-20240517-1727
AS0000870778,W31-20240517-1728
AS0000870779,W31-20240517-1729
AS0000870780,W31-20240517-1730
AS0000870781,W31-20240517-1731
AS0000870782,W31-20240517-1732
AS0000870783,W31-20240517-1733
AS0000870784,W31-20240517-1734
AS0000870785,W31-20240517-1735
AS0000870786,W31-20240517-1736
AS0000870787,W31-20240517-1737
AS0000870788,W31-20240517-1738
AS0000870789,W31-20240517-1739
AS0000870790,W31-20240517-1740
AS0000870791,W31-20240517-1741
AS0000870792,W31-20240517-1742
AS0000870793,W31-20240517-1743
AS0000870794,W31-20240517-1744
AS0000870795,W31-20240517-1745
AS0000870796,W31-20240517-1746
AS0000870797,W31-20240517-1747
AS0000870798,W31-20240517-1748
AS0000870799,W31-20240517-1749
AS0000870800,W31-20240517-1750
AS0000870801,W31-20240517-1751
AS0000870802,W31-20240517-1752
AS0000870803,W31-20240517-1753
AS0000870804,W31-20240517-1754
AS0000870805,W31-20240517-1755
AS0000870806,W31-20240517-1756
AS0000870807,W31-20240517-1757
AS0000870808,W31-20240517-1758
AS0000870809,W31-20240517-1759
AS0000870810,W31-20240517-1760
AS0000870811,W31-20240517-1761
AS0000870812,W31-20240517-1762
AS0000870813,W31-20240517-1763
AS0000870814,W31-20240517-1764
AS0000870815,W31-20240517-1765
AS0000870816,W31-20240517-1766
AS0000870817,W31-20240517-1767
AS0000870818,W31-20240517-1768
AS0000870819,W31-20240517-1769
AS0000870820,W31-20240517-1770
AS0000870821,W31-20240517-1771
AS0000870822,W31-20240517-1772
AS0000870823,W31-20240517-1773
AS0000870824,W31-20240517-1774
AS0000870825,W31-20240517-1775
AS0000870826,W31-20240517-1776
AS0000870827,W31-20240517-1777
AS0000870828,W31-20240517-1778
AS0000870829,W31-20240517-1779
AS0000870830,W31-20240517-1780
AS0000870831,W31-20240517-1781
AS0000870832,W31-20240517-1782
AS0000870833,W31-20240517-1783
AS0000870834,W31-20240517-1784
AS0000870835,W31-20240517-1785
AS0000870836,W31-20240517-1786
AS0000870837,W31-20240517-1787
AS0000870838,W31-20240517-1788
AS0000870839,W31-20240517-1789
AS0000870840,W31-20240517-1790
AS0000870841,W31-20240517-1791
AS0000870842,W31-20240517-1792
AS0000870843,W31-20240517-1793
AS0000870844,W31-20240517-1794
AS0000870845,W31-20240517-1795
AS0000870846,W31-20240517-1796
AS0000870847,W31-20240517-1797
AS0000870848,W31-20240517-1798
AS0000870849,W31-20240517-1799
AS0000870850,W31-20240517-1800
AS0000870851,W31-20240517-1801
AS0000870852,W31-20240517-1802
AS0000870853,W31-20240517-1803
AS0000870854,W31-20240517-1804
AS0000870855,W31-20240517-1805
AS0000870856,W31-20240517-1806
AS0000870857,W31-20240517-1807
AS0000870858,W31-20240517-1808
AS0000870859,W31-20240517-1809
AS0000870860,W31-20240517-1810
AS0000870861,W31-20240517-1811
AS0000870862,W31-20240517-1812
AS0000870863,W31-20240517-1813
AS0000870864,W31-20240517-1814
AS0000870865,W31-20240517-1815
AS0000870866,W31-20240517-1816
AS0000870867,W31-20240517-1817
AS0000870868,W31-20240517-1818
AS0000870869,W31-20240517-1819
AS0000870870,W31-20240517-1820
AS0000870871,W31-20240517-1821
AS0000870872,W31-20240517-1822
AS0000870873,W31-20240517-1823
AS0000870874,W31-20240517-1824
AS0000870875,W31-20240517-1825
AS0000870876,W31-20240517-1826
AS0000870877,W31-20240517-1827
AS0000870878,W31-20240517-1828
AS0000870879,W31-20240517-1829
AS0000870880,W31-20240517-1830
AS0000870881,W31-20240517-1831
AS0000870882,W31-20240517-1832
AS0000870883,W31-20240517-1833
AS0000870884,W31-20240517-1834
AS0000870885,W31-20240517-1835
AS0000870886,W31-20240517-1836
AS0000870887,W31-20240517-1837
AS0000870888,W31-20240517-1838
AS0000870889,W31-20240517-1839
AS0000870890,W31-20240517-1840
AS0000870891,W31-20240517-1841
AS0000870892,W31-20240517-1842
AS0000870893,W31-20240517-1843
AS0000870894,W31-20240517-1844
AS0000870895,W31-20240517-1845
AS0000870896,W31-20240517-1846
AS0000870897,W31-20240517-1847
AS0000870898,W31-20240517-1848
AS0000870899,W31-20240517-1849
AS0000870900,W31-20240517-1850
AS0000870901,W31-20240517-1851
AS0000870902,W31-20240517-1852
AS0000870903,W31-20240517-1853
AS0000870904,W31-20240517-1854
AS0000870905,W31-20240517-1855
AS0000870906,W31-20240517-1856
AS0000870907,W31-20240517-1857
AS0000870908,W31-20240517-1858
AS0000870909,W31-20240517-1859
AS0000870910,W31-20240517-1860
AS0000870911,W31-20240517-1861
AS0000870912,W31-20240517-1862
AS0000870913,W31-20240517-1863
AS0000870914,W31-20240517-1864
AS0000870915,W31-20240517-1865
AS0000870916,W31-20240517-1866
AS0000870917,W31-20240517-1867
AS0000870918,W31-20240517-1868
AS0000870919,W31-20240517-1869
AS0000870920,W31-20240517-1870
AS0000870921,W31-20240517-1871
AS0000870922,W31-20240517-1872
AS0000870923,W31-20240517-1873
AS0000870924,W31-20240517-1874
AS0000870925,W31-20240517-1875
AS0000870926,W31-20240517-1876
AS0000870927,W31-20240517-1877
AS0000870928,W31-20240517-1878
AS0000870929,W31-20240517-1879
AS0000870930,W31-20240517-1880
AS0000870931,W31-20240517-1881
AS0000870932,W31-20240517-1882
AS0000870933,W31-20240517-1883
AS0000870934,W31-20240517-1884
AS0000870935,W31-20240517-1885
AS0000870936,W31-20240517-1886
AS0000870937,W31-20240517-1887
AS0000870938,W31-20240517-1888
AS0000870939,W31-20240517-1889
AS0000870940,W31-20240517-1890
AS0000870941,W31-20240517-1891
AS0000870942,W31-20240517-1892
AS0000870943,W31-20240517-1893
AS0000870944,W31-20240517-1894
AS0000870945,W31-20240517-1895
AS0000870946,W31-20240517-1896
AS0000870947,W31-20240517-1897
AS0000870948,W31-20240517-1898
AS0000870949,W31-20240517-1899
AS0000870950,W31-20240517-1900
AS0000870951,W31-20240517-1901
AS0000870952,W31-20240517-1902
AS0000870953,W31-20240517-1903
AS0000870954,W31-20240517-1904
AS0000870955,W31-20240517-1905
AS0000870956,W31-20240517-1906
AS0000870957,W31-20240517-1907
AS0000870958,W31-20240517-1908
AS0000870959,W31-20240517-1909
AS0000870960,W31-20240517-1910
AS0000870961,W31-20240517-1911
AS0000870962,W31-20240517-1912
AS0000870963,W31-20240517-1913
AS0000870964,W31-20240517-1914
AS0000870965,W31-20240517-1915
AS0000870966,W31-20240517-1916
AS0000870967,W31-20240517-1917
AS0000870968,W31-20240517-1918
AS0000870969,W31-20240517-1919
AS0000870970,W31-20240517-1920
AS0000870971,W31-20240517-1921
AS0000870972,W31-20240517-1922
AS0000870973,W31-20240517-1923
AS0000870974,W31-20240517-1924
AS0000870975,W31-20240517-1925
AS0000870976,W31-20240517-1926
AS0000870977,W31-20240517-1927
AS0000870978,W31-20240517-1928
AS0000870979,W31-20240517-1929
AS0000870980,W31-20240517-1930
AS0000870981,W31-20240517-1931
AS0000870982,W31-20240517-1932
AS0000870983,W31-20240517-1933
AS0000870984,W31-20240517-1934
AS0000870985,W31-20240517-1935
AS0000870986,W31-20240517-1936
AS0000870987,W31-20240517-1937
AS0000870988,W31-20240517-1938
AS0000870989,W31-20240517-1939
AS0000870990,W31-20240517-1940
AS0000870991,W31-20240517-1941
AS0000870992,W31-20240517-1942
AS0000870993,W31-20240517-1943
AS0000870994,W31-20240517-1944
AS0000870995,W31-20240517-1945
AS0000870996,W31-20240517-1946
AS0000870997,W31-20240517-1947
AS0000870998,W31-20240517-1948
AS0000870999,W31-20240517-1949
AS0000871000,W31-20240517-1950
AS0000871001,W31-20240517-1951
AS0000871002,W31-20240517-1952
AS0000871003,W31-20240517-1953
AS0000871004,W31-20240517-1954
AS0000871005,W31-20240517-1955
AS0000871006,W31-20240517-1956
AS0000871007,W31-20240517-1957
AS0000871008,W31-20240517-1958
AS0000871009,W31-20240517-1959
AS0000871010,W31-20240517-1960
AS0000871011,W31-20240517-1961
AS0000871012,W31-20240517-1962
AS0000871013,W31-20240517-1963
AS0000871014,W31-20240517-1964
AS0000871015,W31-20240517-1965
AS0000871016,W31-20240517-1966
AS0000871017,W31-20240517-1967
AS0000871018,W31-20240517-1968
AS0000871019,W31-20240517-1969
AS0000871020,W31-20240517-1970
AS0000871021,W31-20240517-1971
AS0000871022,W31-20240517-1972
AS0000871023,W31-20240517-1973
AS0000871024,W31-20240517-1974
AS0000871025,W31-20240517-1975
AS0000871026,W31-20240517-1976
AS0000871027,W31-20240517-1977
AS0000871028,W31-20240517-1978
AS0000871029,W31-20240517-1979
AS0000871030,W31-20240517-1980
AS0000871031,W31-20240517-1981
AS0000871032,W31-20240517-1982
AS0000871033,W31-20240517-1983
AS0000871034,W31-20240517-1984
AS0000871035,W31-20240517-1985
AS0000871036,W31-20240517-1986
AS0000871037,W31-20240517-1987
AS0000871038,W31-20240517-1988
AS0000871039,W31-20240517-1989
AS0000871040,W31-20240517-1990
AS0000871041,W31-20240517-1991
AS0000871042,W31-20240517-1992
AS0000871043,W31-20240517-1993
AS0000871044,W31-20240517-1994
AS0000871045,W31-20240517-1995
AS0000871046,W31-20240517-1996
AS0000871047,W31-20240517-1997
AS0000871048,W31-20240517-1998
AS0000871049,W31-20240517-1999
AS0000871050,W31-20240517-2000
AS0000871051,W31-20240517-2001
AS0000871052,W31-20240517-2002
AS0000871053,W31-20240517-2003
AS0000871054,W31-20240517-2004
AS0000871055,W31-20240517-2005
AS0000871056,W31-20240517-2006
AS0000871057,W31-20240517-2007
AS0000871058,W31-20240517-2008
AS0000871059,W31-20240517-2009
AS0000871060,W31-20240517-2010
AS0000871061,W31-20240517-2011
AS0000871062,W31-20240517-2012
AS0000871063,W31-20240517-2013
AS0000871064,W31-20240517-2014
AS0000871065,W31-20240517-2015
AS0000871066,W31-20240517-2016
AS0000871067,W31-20240517-2017
AS0000871068,W31-20240517-2018
AS0000871069,W31-20240517-2019
AS0000871070,W31-20240517-2020
AS0000871071,W31-20240517-2021
AS0000871072,W31-20240517-2022
AS0000871073,W31-20240517-2023
AS0000871074,W31-20240517-2024
AS0000871075,W31-20240517-2025
AS0000871076,W31-20240517-2026
AS0000871077,W31-20240517-2027
AS0000871078,W31-20240517-2028
AS0000871079,W31-20240517-2029
AS0000871080,W31-20240517-2030
AS0000871081,W31-20240517-2031
AS0000871082,W31-20240517-2032
AS0000871083,W31-20240517-2033
AS0000871084,W31-20240517-2034
AS0000871085,W31-20240517-2035
AS0000871086,W31-20240517-2036
AS0000871087,W31-20240517-2037
AS0000871088,W31-20240517-2038
AS0000871089,W31-20240517-2039
AS0000871090,W31-20240517-2040
AS0000871091,W31-20240517-2041
AS0000871092,W31-20240517-2042
AS0000871093,W31-20240517-2043
AS0000871094,W31-20240517-2044
AS0000871095,W31-20240517-2045
AS0000871096,W31-20240517-2046
AS0000871097,W31-20240517-2047
AS0000871098,W31-20240517-2048
AS0000871099,W31-20240517-2049
AS0000871100,W31-20240517-2050
AS0000871101,W31-20240517-2051
AS0000871102,W31-20240517-2052
AS0000871103,W31-20240517-2053
AS0000871104,W31-20240517-2054
AS0000871105,W31-20240517-2055
AS0000871106,W31-20240517-2056
AS0000871107,W31-20240517-2057
AS0000871108,W31-20240517-2058
AS0000871109,W31-20240517-2059
AS0000871110,W31-20240517-2060
AS0000871111,W31-20240517-2061
AS0000871112,W31-20240517-2062
AS0000871113,W31-20240517-2063
AS0000871114,W31-20240517-2064
AS0000871115,W31-20240517-2065
AS0000871116,W31-20240517-2066
AS0000871117,W31-20240517-2067
AS0000871118,W31-20240517-2068
AS0000871119,W31-20240517-2069
AS0000871120,W31-20240517-2070
AS0000871121,W31-20240517-2071
AS0000871122,W31-20240517-2072
AS0000871123,W31-20240517-2073
AS0000871124,W31-20240517-2074
AS0000871125,W31-20240517-2075
AS0000871126,W31-20240517-2076
AS0000871127,W31-20240517-2077
AS0000871128,W31-20240517-2078
AS0000871129,W31-20240517-2079
AS0000871130,W31-20240517-2080
AS0000871131,W31-20240517-2081
AS0000871132,W31-20240517-2082
AS0000871133,W31-20240517-2083
AS0000871134,W31-20240517-2084
AS0000871135,W31-20240517-2085
AS0000871136,W31-20240517-2086
AS0000871137,W31-20240517-2087
AS0000871138,W31-20240517-2088
AS0000871139,W31-20240517-2089
AS0000871140,W31-20240517-2090
AS0000871141,W31-20240517-2091
AS0000871142,W31-20240517-2092
AS0000871143,W31-20240517-2093
AS0000871144,W31-20240517-2094
AS0000871145,W31-20240517-2095
AS0000871146,W31-20240517-2096
AS0000871147,W31-20240517-2097
AS0000871148,W31-20240517-2098
AS0000871149,W31-20240517-2099
AS0000871150,W31-20240517-2100
AS0000871151,W31-20240517-2101
AS0000871152,W31-20240517-2102
AS0000871153,W31-20240517-2103
AS0000871154,W31-20240517-2104
AS0000871155,W31-20240517-2105
AS0000871156,W31-20240517-2106
AS0000871157,W31-20240517-2107
AS0000871158,W31-20240517-2108
AS0000871159,W31-20240517-2109
AS0000871160,W31-20240517-2110
AS0000871161,W31-20240517-2111
AS0000871162,W31-20240517-2112
AS0000871163,W31-20240517-2113
AS0000871164,W31-20240517-2114
AS0000871165,W31-20240517-2115
AS0000871166,W31-20240517-2116
AS0000871167,W31-20240517-2117
AS0000871168,W31-20240517-2118
AS0000871169,W31-20240517-2119
AS0000871170,W31-20240517-2120
AS0000871171,W31-20240517-2121
AS0000871172,W31-20240517-2122
AS0000871173,W31-20240517-2123
AS0000871174,W31-20240517-2124
AS0000871175,W31-20240517-2125
AS0000871176,W31-20240517-2126
AS0000871177,W31-20240517-2127
AS0000871178,W31-20240517-2128
AS0000871179,W31-20240517-2129
AS0000871180,W31-20240517-2130
AS0000871181,W31-20240517-2131
AS0000871182,W31-20240517-2132
AS0000871183,W31-20240517-2133
AS0000871184,W31-20240517-2134
AS0000871185,W31-20240517-2135
AS0000871186,W31-20240517-2136
AS0000871187,W31-20240517-2137
AS0000871188,W31-20240517-2138
AS0000871189,W31-20240517-2139
AS0000871190,W31-20240517-2140
AS0000871191,W31-20240517-2141
AS0000871192,W31-20240517-2142
AS0000871193,W31-20240517-2143
AS0000871194,W31-20240517-2144
AS0000871195,W31-20240517-2145
AS0000871196,W31-20240517-2146
AS0000871197,W31-20240517-2147
AS0000871198,W31-20240517-2148
AS0000871199,W31-20240517-2149
AS0000871200,W31-20240517-2150
AS0000871201,W31-20240517-2151
AS0000871202,W31-20240517-2152
AS0000871203,W31-20240517-2153
AS0000871204,W31-20240517-2154
AS0000871205,W31-20240517-2155
AS0000871206,W31-20240517-2156
AS0000871207,W31-20240517-2157
AS0000871208,W31-20240517-2158
AS0000871209,W31-20240517-2159
AS0000871210,W31-20240517-2160
AS0000871211,W31-20240517-2161
AS0000871212,W31-20240517-2162
AS0000871213,W31-20240517-2163
AS0000871214,W31-20240517-2164
AS0000871215,W31-20240517-2165
AS0000871216,W31-20240517-2166
AS0000871217,W31-20240517-2167
AS0000871218,W31-20240517-2168
AS0000871219,W31-20240517-2169
AS0000871220,W31-20240517-2170
AS0000871221,W31-20240517-2171
AS0000871222,W31-20240517-2172
AS0000871223,W31-20240517-2173
AS0000871224,W31-20240517-2174
AS0000871225,W31-20240517-2175
AS0000871226,W31-20240517-2176
AS0000871227,W31-20240517-2177
AS0000871228,W31-20240517-2178
AS0000871229,W31-20240517-2179
AS0000871230,W31-20240517-2180
AS0000871231,W31-20240517-2181
AS0000871232,W31-20240517-2182
AS0000871233,W31-20240517-2183
AS0000871234,W31-20240517-2184
AS0000871235,W31-20240517-2185
AS0000871236,W31-20240517-2186
AS0000871237,W31-20240517-2187
AS0000871238,W31-20240517-2188
AS0000871239,W31-20240517-2189
AS0000871240,W31-20240517-2190
AS0000871241,W31-20240517-2191
AS0000871242,W31-20240517-2192
AS0000871243,W31-20240517-2193
AS0000871244,W31-20240517-2194
AS0000871245,W31-20240517-2195
AS0000871246,W31-20240517-2196
AS0000871247,W31-20240517-2197
AS0000871248,W31-20240517-2198
AS0000871249,W31-20240517-2199
AS0000871250,W31-20240517-2200
AS0000871251,W31-20240517-2201
AS0000871252,W31-20240517-2202
AS0000871253,W31-20240517-2203
AS0000871254,W31-20240517-2204
AS0000871255,W31-20240517-2205
AS0000871256,W31-20240517-2206
AS0000871257,W31-20240517-2207
AS0000871258,W31-20240517-2208
AS0000871259,W31-20240517-2209
AS0000871260,W31-20240517-2210
AS0000871261,W31-20240517-2211
AS0000871262,W31-20240517-2212
AS0000871263,W31-20240517-2213
AS0000871264,W31-20240517-2214
AS0000871265,W31-20240517-2215
AS0000871266,W31-20240517-2216
AS0000871267,W31-20240517-2217
AS0000871268,W31-20240517-2218
AS0000871269,W31-20240517-2219
AS0000871270,W31-20240517-2220
AS0000871271,W31-20240517-2221
AS0000871272,W31-20240517-2222
AS0000871273,W31-20240517-2223
AS0000871274,W31-20240517-2224
AS0000871275,W31-20240517-2225
AS0000871276,W31-20240517-2226
AS0000871277,W31-20240517-2227
AS0000871278,W31-20240517-2228
AS0000871279,W31-20240517-2229
AS0000871280,W31-20240517-2230
AS0000871281,W31-20240517-2231
AS0000871282,W31-20240517-2232
AS0000871283,W31-20240517-2233
AS0000871284,W31-20240517-2234
AS0000871285,W31-20240517-2235
AS0000871286,W31-20240517-2236
AS0000871287,W31-20240517-2237
AS0000871288,W31-20240517-2238
AS0000871289,W31-20240517-2239
AS0000871290,W31-20240517-2240
AS0000871291,W31-20240517-2241
AS0000871292,W31-20240517-2242
AS0000871293,W31-20240517-2243
AS0000871294,W31-20240517-2244
AS0000871295,W31-20240517-2245
AS0000871296,W31-20240517-2246
AS0000871297,W31-20240517-2247
AS0000871298,W31-20240517-2248
AS0000871299,W31-20240517-2249
AS0000871300,W31-20240517-2250
AS0000871301,W31-20240517-2251
AS0000871302,W31-20240517-2252
AS0000871303,W31-20240517-2253
AS0000871304,W31-20240517-2254
AS0000871305,W31-20240517-2255
AS0000871306,W31-20240517-2256
AS0000871307,W31-20240517-2257
AS0000871308,W31-20240517-2258
AS0000871309,W31-20240517-2259
AS0000871310,W31-20240517-2260
AS0000871311,W31-20240517-2261
AS0000871312,W31-20240517-2262
AS0000871313,W31-20240517-2263
AS0000871314,W31-20240517-2264
AS0000871315,W31-20240517-2265
AS0000871316,W31-20240517-2266
AS0000871317,W31-20240517-2267
AS0000871318,W31-20240517-2268
AS0000871319,W31-20240517-2269
AS0000871320,W31-20240517-2270
AS0000871321,W31-20240517-2271
AS0000871322,W31-20240517-2272
AS0000871323,W31-20240517-2273
AS0000871324,W31-20240517-2274
AS0000871325,W31-20240517-2275
AS0000871326,W31-20240517-2276
AS0000871327,W31-20240517-2277
AS0000871328,W31-20240517-2278
AS0000871329,W31-20240517-2279
AS0000871330,W31-20240517-2280
AS0000871331,W31-20240517-2281
AS0000871332,W31-20240517-2282
AS0000871333,W31-20240517-2283
AS0000871334,W31-20240517-2284
AS0000871335,W31-20240517-2285
AS0000871336,W31-20240517-2286
AS0000871337,W31-20240517-2287
AS0000871338,W31-20240517-2288
AS0000871339,W31-20240517-2289
AS0000871340,W31-20240517-2290
AS0000871341,W31-20240517-2291
AS0000871342,W31-20240517-2292
AS0000871343,W31-20240517-2293
AS0000871344,W31-20240517-2294
AS0000871345,W31-20240517-2295
AS0000871346,W31-20240517-2296
AS0000871347,W31-20240517-2297
AS0000871348,W31-20240517-2298
AS0000871349,W31-20240517-2299
AS0000871350,W31-20240517-2300
AS0000871351,W31-20240517-2301
AS0000871352,W31-20240517-2302
AS0000871353,W31-20240517-2303
AS0000871354,W31-20240517-2304
AS0000871355,W31-20240517-2305
AS0000871356,W31-20240517-2306
AS0000871357,W31-20240517-2307
AS0000871358,W31-20240517-2308
AS0000871359,W31-20240517-2309
AS0000871360,W31-20240517-2310
AS0000871361,W31-20240517-2311
AS0000871362,W31-20240517-2312
AS0000871363,W31-20240517-2313
AS0000871364,W31-20240517-2314
AS0000871365,W31-20240517-2315
AS0000871366,W31-20240517-2316
AS0000871367,W31-20240517-2317
AS0000871368,W31-20240517-2318
AS0000871369,W31-20240517-2319
AS0000871370,W31-20240517-2320
AS0000871371,W31-20240517-2321
AS0000871372,W31-20240517-2322
AS0000871373,W31-20240517-2323
AS0000871374,W31-20240517-2324
AS0000871375,W31-20240517-2325
AS0000871376,W31-20240517-2326
AS0000871377,W31-20240517-2327
AS0000871378,W31-20240517-2328
AS0000871379,W31-20240517-2329
AS0000871380,W31-20240517-2330
AS0000871381,W31-20240517-2331
AS0000871382,W31-20240517-2332
AS0000871383,W31-20240517-2333
AS0000871384,W31-20240517-2334
AS0000871385,W31-20240517-2335
AS0000871386,W31-20240517-2336
AS0000871387,W31-20240517-2337
AS0000871388,W31-20240517-2338
AS0000871389,W31-20240517-2339
AS0000871390,W31-20240517-2340
AS0000871391,W31-20240517-2341
AS0000871392,W31-20240517-2342
AS0000871393,W31-20240517-2343
AS0000871394,W31-20240517-2344
AS0000871395,W31-20240517-2345
AS0000871396,W31-20240517-2346
AS0000871397,W31-20240517-2347
AS0000871398,W31-20240517-2348
AS0000871399,W31-20240517-2349
AS0000871400,W31-20240517-2350
AS0000871401,W31-20240517-2351
AS0000871402,W31-20240517-2352
AS0000871403,W31-20240517-2353
AS0000871404,W31-20240517-2354
AS0000871405,W31-20240517-2355
AS0000871406,W31-20240517-2356
AS0000871407,W31-20240517-2357
AS0000871408,W31-20240517-2358
AS0000871409,W31-20240517-2359
AS0000871410,W31-20240517-2360
AS0000871411,W31-20240517-2361
AS0000871412,W31-20240517-2362
AS0000871413,W31-20240517-2363
AS0000871414,W31-20240517-2364
AS0000871415,W31-20240517-2365
AS0000871416,W31-20240517-2366
AS0000871417,W31-20240517-2367
AS0000871418,W31-20240517-2368
AS0000871419,W31-20240517-2369
AS0000871420,W31-20240517-2370
AS0000871421,W31-20240517-2371
AS0000871422,W31-20240517-2372
AS0000871423,W31-20240517-2373
AS0000871424,W31-20240517-2374
AS0000871425,W31-20240517-2375
AS0000871426,W31-20240517-2376
AS0000871427,W31-20240517-2377
AS0000871428,W31-20240517-2378
AS0000871429,W31-20240517-2379
AS0000871430,W31-20240517-2380
AS0000871431,W31-20240517-2381
AS0000871432,W31-20240517-2382
AS0000871433,W31-20240517-2383
AS0000871434,W31-20240517-2384
AS0000871435,W31-20240517-2385
AS0000871436,W31-20240517-2386
AS0000871437,W31-20240517-2387
AS0000871438,W31-20240517-2388
AS0000871439,W31-20240517-2389
AS0000871440,W31-20240517-2390
AS0000871441,W31-20240517-2391
AS0000871442,W31-20240517-2392
AS0000871443,W31-20240517-2393
AS0000871444,W31-20240517-2394
AS0000871445,W31-20240517-2395
AS0000871446,W31-20240517-2396
AS0000871447,W31-20240517-2397
AS0000871448,W31-20240517-2398
AS0000871449,W31-20240517-2399
AS0000871450,W31-20240517-2400
AS0000871451,W31-20240517-2401
AS0000871452,W31-20240517-2402
AS0000871453,W31-20240517-2403
AS0000871454,W31-20240517-2404
AS0000871455,W31-20240517-2405
AS0000871456,W31-20240517-2406
AS0000871457,W31-20240517-2407
AS0000871458,W31-20240517-2408
AS0000871459,W31-20240517-2409
AS0000871460,W31-20240517-2410
AS0000871461,W31-20240517-2411
AS0000871462,W31-20240517-2412
AS0000871463,W31-20240517-2413
AS0000871464,W31-20240517-2414
AS0000871465,W31-20240517-2415
AS0000871466,W31-20240517-2416
AS0000871467,W31-20240517-2417
AS0000871468,W31-20240517-2418
AS0000871469,W31-20240517-2419
AS0000871470,W31-20240517-2420
AS0000871471,W31-20240517-2421
AS0000871472,W31-20240517-2422
AS0000871473,W31-20240517-2423
AS0000871474,W31-20240517-2424
AS0000871475,W31-20240517-2425
AS0000871476,W31-20240517-2426
AS0000871477,W31-20240517-2427
AS0000871478,W31-20240517-2428
AS0000871479,W31-20240517-2429
AS0000871480,W31-20240517-2430
AS0000871481,W31-20240517-2431
AS0000871482,W31-20240517-2432
AS0000871483,W31-20240517-2433
AS0000871484,W31-20240517-2434
AS0000871485,W31-20240517-2435
AS0000871486,W31-20240517-2436
AS0000871487,W31-20240517-2437
AS0000871488,W31-20240517-2438
AS0000871489,W31-20240517-2439
AS0000871490,W31-20240517-2440
AS0000871491,W31-20240517-2441
AS0000871492,W31-20240517-2442
AS0000871493,W31-20240517-2443
AS0000871494,W31-20240517-2444
AS0000871495,W31-20240517-2445
AS0000871496,W31-20240517-2446
AS0000871497,W31-20240517-2447
AS0000871498,W31-20240517-2448
AS0000871499,W31-20240517-2449
AS0000871500,W31-20240517-2450
AS0000871501,W31-20240517-2451
AS0000871502,W31-20240517-2452
AS0000871503,W31-20240517-2453
AS0000871504,W31-20240517-2454
AS0000871505,W31-20240517-2455
AS0000871506,W31-20240517-2456
AS0000871507,W31-20240517-2457
AS0000871508,W31-20240517-2458
AS0000871509,W31-20240517-2459
AS0000871510,W31-20240517-2460
AS0000871511,W31-20240517-2461
AS0000871512,W31-20240517-2462
AS0000871513,W31-20240517-2463
AS0000871514,W31-20240517-2464
AS0000871515,W31-20240517-2465
AS0000871516,W31-20240517-2466
AS0000871517,W31-20240517-2467
AS0000871518,W31-20240517-2468
AS0000871519,W31-20240517-2469
AS0000871520,W31-20240517-2470
AS0000871521,W31-20240517-2471
AS0000871522,W31-20240517-2472
AS0000871523,W31-20240517-2473
AS0000871524,W31-20240517-2474
AS0000871525,W31-20240517-2475
AS0000871526,W31-20240517-2476
AS0000871527,W31-20240517-2477
AS0000871528,W31-20240517-2478
AS0000871529,W31-20240517-2479
AS0000871530,W31-20240517-2480
AS0000871531,W31-20240517-2481
AS0000871532,W31-20240517-2482
AS0000871533,W31-20240517-2483
AS0000871534,W31-20240517-2484
AS0000871535,W31-20240517-2485
AS0000871536,W31-20240517-2486
AS0000871537,W31-20240517-2487
AS0000871538,W31-20240517-2488
AS0000871539,W31-20240517-2489
AS0000871540,W31-20240517-2490
AS0000871541,W31-20240517-2491
AS0000871542,W31-20240517-2492
AS0000871543,W31-20240517-2493
AS0000871544,W31-20240517-2494
AS0000871545,W31-20240517-2495
AS0000871546,W31-20240517-2496
AS0000871547,W31-20240517-2497
AS0000871548,W31-20240517-2498
AS0000871549,W31-20240517-2499
AS0000871550,W31-20240517-2500
AS0000871551,W31-20240517-2501
AS0000871552,W31-20240517-2502
AS0000871553,W31-20240517-2503
AS0000871554,W31-20240517-2504
AS0000871555,W31-20240517-2505
AS0000871556,W31-20240517-2506
AS0000871557,W31-20240517-2507
AS0000871558,W31-20240517-2508
AS0000871559,W31-20240517-2509
AS0000871560,W31-20240517-2510
AS0000871561,W31-20240517-2511
AS0000871562,W31-20240517-2512
AS0000871563,W31-20240517-2513
AS0000871564,W31-20240517-2514
AS0000871565,W31-20240517-2515
AS0000871566,W31-20240517-2516
AS0000871567,W31-20240517-2517
AS0000871568,W31-20240517-2518
AS0000871569,W31-20240517-2519
AS0000871570,W31-20240517-2520
AS0000871571,W31-20240517-2521
AS0000871572,W31-20240517-2522
AS0000871573,W31-20240517-2523
AS0000871574,W31-20240517-2524
AS0000871575,W31-20240517-2525
AS0000871576,W31-20240517-2526
AS0000871577,W31-20240517-2527
AS0000871578,W31-20240517-2528
AS0000871579,W31-20240517-2529
AS0000871580,W31-20240517-2530
AS0000871581,W31-20240517-2531
AS0000871582,W31-20240517-2532
AS0000871583,W31-20240517-2533
AS0000871584,W31-20240517-2534
AS0000871585,W31-20240517-2535
AS0000871586,W31-20240517-2536
AS0000871587,W31-20240517-2537
AS0000871588,W31-20240517-2538
AS0000871589,W31-20240517-2539
AS0000871590,W31-20240517-2540
AS0000871591,W31-20240517-2541
AS0000871592,W31-20240517-2542
AS0000871593,W31-20240517-2543
AS0000871594,W31-20240517-2544
AS0000871595,W31-20240517-2545
AS0000871596,W31-20240517-2546
AS0000871597,W31-20240517-2547
AS0000871598,W31-20240517-2548
AS0000871599,W31-20240517-2549
AS0000871600,W31-20240517-2550
AS0000871601,W31-20240517-2551
AS0000871602,W31-20240517-2552
AS0000871603,W31-20240517-2553
AS0000871604,W31-20240517-2554
AS0000871605,W31-20240517-2555
AS0000871606,W31-20240517-2556
AS0000871607,W31-20240517-2557
AS0000871608,W31-20240517-2558
AS0000871609,W31-20240517-2559
AS0000871610,W31-20240517-2560
AS0000871611,W31-20240517-2561
AS0000871612,W31-20240517-2562
AS0000871613,W31-20240517-2563
AS0000871614,W31-20240517-2564
AS0000871615,W31-20240517-2565
AS0000871616,W31-20240517-2566
AS0000871617,W31-20240517-2567
AS0000871618,W31-20240517-2568
AS0000871619,W31-20240517-2569
AS0000871620,W31-20240517-2570
AS0000871621,W31-20240517-2571
AS0000871622,W31-20240517-2572
AS0000871623,W31-20240517-2573
AS0000871624,W31-20240517-2574
AS0000871625,W31-20240517-2575
AS0000871626,W31-20240517-2576
AS0000871627,W31-20240517-2577
AS0000871628,W31-20240517-2578
AS0000871629,W31-20240517-2579
AS0000871630,W31-20240517-2580
AS0000871631,W31-20240517-2581
AS0000871632,W31-20240517-2582
AS0000871633,W31-20240517-2583
AS0000871634,W31-20240517-2584
AS0000871635,W31-20240517-2585
AS0000871636,W31-20240517-2586
AS0000871637,W31-20240517-2587
AS0000871638,W31-20240517-2588
AS0000871639,W31-20240517-2589
AS0000871640,W31-20240517-2590
AS0000871641,W31-20240517-2591
AS0000871642,W31-20240517-2592
AS0000871643,W31-20240517-2593
AS0000871644,W31-20240517-2594
AS0000871645,W31-20240517-2595
AS0000871646,W31-20240517-2596
AS0000871647,W31-20240517-2597
AS0000871648,W31-20240517-2598
AS0000871649,W31-20240517-2599
AS0000871650,W31-20240517-2600
AS0000871651,W31-20240517-2601
AS0000871652,W31-20240517-2602
AS0000871653,W31-20240517-2603
AS0000871654,W31-20240517-2604
AS0000871655,W31-20240517-2605
AS0000871656,W31-20240517-2606
AS0000871657,W31-20240517-2607
AS0000871658,W31-20240517-2608
AS0000871659,W31-20240517-2609
AS0000871660,W31-20240517-2610
AS0000871661,W31-20240517-2611
AS0000871662,W31-20240517-2612
AS0000871663,W31-20240517-2613
AS0000871664,W31-20240517-2614
AS0000871665,W31-20240517-2615
AS0000871666,W31-20240517-2616
AS0000871667,W31-20240517-2617
AS0000871668,W31-20240517-2618
AS0000871669,W31-20240517-2619
AS0000871670,W31-20240517-2620
AS0000871671,W31-20240517-2621
AS0000871672,W31-20240517-2622
AS0000871673,W31-20240517-2623
AS0000871674,W31-20240517-2624
AS0000871675,W31-20240517-2625
AS0000871676,W31-20240517-2626
AS0000871677,W31-20240517-2627
AS0000871678,W31-20240517-2628
AS0000871679,W31-20240517-2629
AS0000871680,W31-20240517-2630
AS0000871681,W31-20240517-2631
AS0000871682,W31-20240517-2632
AS0000871683,W31-20240517-2633
AS0000871684,W31-20240517-2634
AS0000871685,W31-20240517-2635
AS0000871686,W31-20240517-2636
AS0000871687,W31-20240517-2637
AS0000871688,W31-20240517-2638
AS0000871689,W31-20240517-2639
AS0000871690,W31-20240517-2640
AS0000871691,W31-20240517-2641
AS0000871692,W31-20240517-2642
AS0000871693,W31-20240517-2643
AS0000871694,W31-20240517-2644
AS0000871695,W31-20240517-2645
AS0000871696,W31-20240517-2646
AS0000871697,W31-20240517-2647
AS0000871698,W31-20240517-2648
AS0000871699,W31-20240517-2649
AS0000871700,W31-20240517-2650
AS0000871701,W31-20240517-2651
AS0000871702,W31-20240517-2652
AS0000871703,W31-20240517-2653
AS0000871704,W31-20240517-2654
AS0000871705,W31-20240517-2655
AS0000871706,W31-20240517-2656
AS0000871707,W31-20240517-2657
AS0000871708,W31-20240517-2658
AS0000871709,W31-20240517-2659
AS0000871710,W31-20240517-2660
AS0000871711,W31-20240517-2661
AS0000871712,W31-20240517-2662
AS0000871713,W31-20240517-2663
AS0000871714,W31-20240517-2664
