code,code_generated,name,owner,category,status,acq_date,cost,accum,book_value,remaining_life,method
AS-AIM-0001,1,Damoda Drone Base Battery,PT AIM,Komponen Drone,Unregistered Asset,2025-06-18,456361.0,0.0,0.0,0,
AS-AIM-0002,1,Damoda Drone Base Battery,PT AIM,Komponen Drone,Unregistered Asset,2025-06-18,456361.0,0.0,0.0,0,
AS-AIM-0003,1,Damoda Drone Base Battery,PT AIM,Komponen Drone,Unregistered Asset,2025-06-18,456361.0,0.0,0.0,0,
AS-AIM-0004,1,Damoda Drone Base Battery,PT AIM,Komponen Drone,Unregistered Asset,2025-06-18,456361.0,0.0,0.0,0,
AS-AIM-0005,1,Damoda Drone Base Battery,PT AIM,Komponen Drone,Unregistered Asset,2025-06-18,456361.0,0.0,0.0,0,
AS-AIM-0006,1,Damoda Drone Base Battery,PT AIM,Komponen Drone,Unregistered Asset,2025-06-18,456361.0,0.0,0.0,0,
AS-AIM-0007,1,Damoda Drone Base Battery,PT AIM,Komponen Drone,Unregistered Asset,2025-06-18,456361.0,0.0,0.0,0,
AS-AIM-0008,1,Damoda Drone Base Battery,PT AIM,Komponen Drone,Unregistered Asset,2025-06-18,456361.0,0.0,0.0,0,
AS-AIM-0009,1,Damoda Drone Base Battery,PT AIM,Komponen Drone,Unregistered Asset,2025-06-18,456361.0,0.0,0.0,0,
AS-AIM-0010,1,Damoda Drone Base Battery,PT AIM,Komponen Drone,Unregistered Asset,2025-06-18,456361.0,0.0,0.0,0,
AS-AIM-0011,1,Damoda Drone Base Battery,PT AIM,Komponen Drone,Unregistered Asset,2025-06-18,456361.0,0.0,0.0,0,
AS-AIM-0012,1,Damoda Drone Base Battery,PT AIM,Komponen Drone,Unregistered Asset,2025-06-18,456361.0,0.0,0.0,0,
AS-AIM-0013,1,Drone Anemometer,PT AIM,Komponen Drone,Unregistered Asset,2025-06-18,632060.0,0.0,0.0,0,
AS-AIM-0014,1,Drone Anemometer,PT AIM,Komponen Drone,Unregistered Asset,2025-06-18,632060.0,0.0,0.0,0,
AS-AIM-0015,1,Drone Anemometer,PT AIM,Komponen Drone,Unregistered Asset,2025-06-18,632060.0,0.0,0.0,0,
AS-AIM-0016,1,Damoda Adapter for Drone AP,PT AIM,Komponen Drone,Unregistered Asset,2025-06-18,159726.0,0.0,0.0,0,
AS-AIM-0017,1,Damoda Adapter for Drone AP,PT AIM,Komponen Drone,Unregistered Asset,2025-06-18,159726.0,0.0,0.0,0,
AS-AIM-0018,1,Damoda Adapter for Drone AP,PT AIM,Komponen Drone,Unregistered Asset,2025-06-18,159726.0,0.0,0.0,0,
AS-AIM-0019,1,Damoda Adapter for Drone AP,PT AIM,Komponen Drone,Unregistered Asset,2025-06-18,159726.0,0.0,0.0,0,
AS-AIM-0020,1,Damoda Adapter for Drone AP,PT AIM,Komponen Drone,Unregistered Asset,2025-06-18,159726.0,0.0,0.0,0,
AS-AIM-0021,1,Damoda Adapter for Drone AP,PT AIM,Komponen Drone,Unregistered Asset,2025-06-18,159726.0,0.0,0.0,0,
AS-AIM-0022,1,Damoda Adapter for Drone AP,PT AIM,Komponen Drone,Unregistered Asset,2025-06-18,159726.0,0.0,0.0,0,
AS-AIM-0023,1,Damoda Adapter for Drone AP,PT AIM,Komponen Drone,Unregistered Asset,2025-06-18,159726.0,0.0,0.0,0,
AS-AIM-0024,1,Damoda Adapter for Drone AP,PT AIM,Komponen Drone,Unregistered Asset,2025-06-18,159726.0,0.0,0.0,0,
AS-AIM-0025,1,Damoda Adapter for Drone AP,PT AIM,Komponen Drone,Unregistered Asset,2025-06-18,159726.0,0.0,0.0,0,
AS-AIM-0026,1,Damoda Adapter for Drone AP,PT AIM,Komponen Drone,Unregistered Asset,2025-06-18,159726.0,0.0,0.0,0,
AS-AIM-0027,1,Damoda Battery Measurment Device,PT AIM,Komponen Drone,Unregistered Asset,2025-06-18,684541.0,0.0,0.0,0,
AS-AIM-0028,1,Damoda Battery Measurment Device,PT AIM,Komponen Drone,Unregistered Asset,2025-06-18,684541.0,0.0,0.0,0,
AS-AIM-0029,1,Damoda Battery Measurment Device,PT AIM,Komponen Drone,Unregistered Asset,2025-06-18,684541.0,0.0,0.0,0,
AS-AIM-0030,1,Damoda Battery Measurment Device,PT AIM,Komponen Drone,Unregistered Asset,2025-06-18,684541.0,0.0,0.0,0,
AS-AIM-0031,1,Damoda Battery Measurment Device,PT AIM,Komponen Drone,Unregistered Asset,2025-06-18,684541.0,0.0,0.0,0,
AS-AIM-0032,1,Damoda Battery Measurment Device,PT AIM,Komponen Drone,Unregistered Asset,2025-06-18,684541.0,0.0,0.0,0,
AS-AIM-0033,1,Damoda Battery Measurment Device,PT AIM,Komponen Drone,Unregistered Asset,2025-06-18,684541.0,0.0,0.0,0,
AS-AIM-0034,1,Damoda Battery Measurment Device,PT AIM,Komponen Drone,Unregistered Asset,2025-06-18,684541.0,0.0,0.0,0,
AS-AIM-0035,1,Damoda Battery Measurment Device,PT AIM,Komponen Drone,Unregistered Asset,2025-06-18,684541.0,0.0,0.0,0,
AS-AIM-0036,1,Damoda Battery Measurment Device,PT AIM,Komponen Drone,Unregistered Asset,2025-06-18,684541.0,0.0,0.0,0,
AS-AIM-0037,1,Damoda Battery Measurment Device,PT AIM,Komponen Drone,Unregistered Asset,2025-06-18,684541.0,0.0,0.0,0,
AS-AIM-0038,1,Damoda Battery Measurment Device,PT AIM,Komponen Drone,Unregistered Asset,2025-06-18,684541.0,0.0,0.0,0,
AS-AIM-0039,1,Damoda Battery Measurment Device,PT AIM,Komponen Drone,Unregistered Asset,2025-06-18,684541.0,0.0,0.0,0,
AS-AIM-0040,1,Damoda Battery Measurment Device,PT AIM,Komponen Drone,Unregistered Asset,2025-06-18,684541.0,0.0,0.0,0,
AS-AIM-0041,1,Damoda Battery Measurment Device,PT AIM,Komponen Drone,Unregistered Asset,2025-06-18,684541.0,0.0,0.0,0,
AS-AIM-0042,1,Damoda Battery Measurment Device,PT AIM,Komponen Drone,Unregistered Asset,2025-06-18,684541.0,0.0,0.0,0,
AS-AIM-0043,1,Damoda Battery Measurment Device,PT AIM,Komponen Drone,Unregistered Asset,2025-06-18,684541.0,0.0,0.0,0,
AS-AIM-0044,1,Damoda Battery Measurment Device,PT AIM,Komponen Drone,Unregistered Asset,2025-06-18,684541.0,0.0,0.0,0,
AS-AIM-0045,1,Damoda Battery Measurment Device,PT AIM,Komponen Drone,Unregistered Asset,2025-06-18,684541.0,0.0,0.0,0,
AS-AIM-0046,1,Damoda Battery Measurment Device,PT AIM,Komponen Drone,Unregistered Asset,2025-06-18,684541.0,0.0,0.0,0,
AS-AIM-0047,1,Damoda Battery Measurment Device,PT AIM,Komponen Drone,Unregistered Asset,2025-06-18,684541.0,0.0,0.0,0,
AS-AIM-0048,1,Damoda Battery Measurment Device,PT AIM,Komponen Drone,Unregistered Asset,2025-06-18,684541.0,0.0,0.0,0,
AS-AIM-0049,1,Damoda Battery Measurment Device,PT AIM,Komponen Drone,Unregistered Asset,2025-06-18,684541.0,0.0,0.0,0,
AS-AIM-0050,1,Damoda Battery Measurment Device,PT AIM,Komponen Drone,Unregistered Asset,2025-06-18,684541.0,0.0,0.0,0,
AS-AIM-0051,1,Damoda Battery Measurment Device,PT AIM,Komponen Drone,Unregistered Asset,2025-06-18,684541.0,0.0,0.0,0,
AS-AIM-0052,1,Damoda Battery Measurment Device,PT AIM,Komponen Drone,Unregistered Asset,2025-06-18,684541.0,0.0,0.0,0,
AS-AIM-0053,1,Damoda Battery Measurment Device,PT AIM,Komponen Drone,Unregistered Asset,2025-06-18,684541.0,0.0,0.0,0,
AS-AIM-0054,1,Damoda Battery Measurment Device,PT AIM,Komponen Drone,Unregistered Asset,2025-06-18,684541.0,0.0,0.0,0,
AS-AIM-0055,1,Damoda Battery Measurment Device,PT AIM,Komponen Drone,Unregistered Asset,2025-06-18,684541.0,0.0,0.0,0,
AS-AIM-0056,1,Damoda Battery Measurment Device,PT AIM,Komponen Drone,Unregistered Asset,2025-06-18,684541.0,0.0,0.0,0,
AS-AIM-0057,1,Damoda Battery Measurment Device,PT AIM,Komponen Drone,Unregistered Asset,2025-06-18,684541.0,0.0,0.0,0,
AS-AIM-0058,1,Damoda Battery Measurment Device,PT AIM,Komponen Drone,Unregistered Asset,2025-06-18,684541.0,0.0,0.0,0,
AS-AIM-0059,1,Damoda Base Radio PC Connector,PT AIM,Komponen Drone,Unregistered Asset,2025-06-18,228180.0,0.0,0.0,0,
AS-AIM-0060,1,Damoda Base Radio PC Connector,PT AIM,Komponen Drone,Unregistered Asset,2025-06-18,228180.0,0.0,0.0,0,
AS-AIM-0061,1,Damoda Base Radio PC Connector,PT AIM,Komponen Drone,Unregistered Asset,2025-06-18,228180.0,0.0,0.0,0,
AS-AIM-0062,1,Damoda Base Radio PC Connector,PT AIM,Komponen Drone,Unregistered Asset,2025-06-18,228180.0,0.0,0.0,0,
AS-AIM-0063,1,Damoda Base Radio PC Connector,PT AIM,Komponen Drone,Unregistered Asset,2025-06-18,228180.0,0.0,0.0,0,
AS-AIM-0064,1,Damoda Base Radio PC Connector,PT AIM,Komponen Drone,Unregistered Asset,2025-06-18,228180.0,0.0,0.0,0,
AS-AIM-0065,1,Damoda Base Radio PC Connector,PT AIM,Komponen Drone,Unregistered Asset,2025-06-18,228180.0,0.0,0.0,0,
AS-AIM-0066,1,Damoda Base Radio PC Connector,PT AIM,Komponen Drone,Unregistered Asset,2025-06-18,228180.0,0.0,0.0,0,
AS-AIM-0067,1,Damoda Base Radio PC Connector,PT AIM,Komponen Drone,Unregistered Asset,2025-06-18,228180.0,0.0,0.0,0,
AS-AIM-0068,1,Damoda Base Radio PC Connector,PT AIM,Komponen Drone,Unregistered Asset,2025-06-18,228180.0,0.0,0.0,0,
AS-AIM-0069,1,Damoda Base Radio PC Connector,PT AIM,Komponen Drone,Unregistered Asset,2025-06-18,228180.0,0.0,0.0,0,
AS-AIM-0070,1,Damoda Drone Propeller,PT AIM,Komponen Drone,Unregistered Asset,2025-06-18,114090.0,0.0,0.0,0,
AS-AIM-0071,1,Damoda Drone Propeller,PT AIM,Komponen Drone,Unregistered Asset,2025-06-18,114090.0,0.0,0.0,0,
AS-AIM-0072,1,Damoda Drone Propeller,PT AIM,Komponen Drone,Unregistered Asset,2025-06-18,114090.0,0.0,0.0,0,
AS-AIM-0073,1,Damoda Drone Propeller,PT AIM,Komponen Drone,Unregistered Asset,2025-06-18,114090.0,0.0,0.0,0,
AS-AIM-0074,1,Damoda Drone Propeller,PT AIM,Komponen Drone,Unregistered Asset,2025-06-18,114090.0,0.0,0.0,0,
AS-AIM-0075,1,Damoda Drone Propeller,PT AIM,Komponen Drone,Unregistered Asset,2025-06-18,114090.0,0.0,0.0,0,
AS-AIM-0076,1,Damoda Drone Propeller,PT AIM,Komponen Drone,Unregistered Asset,2025-06-18,114090.0,0.0,0.0,0,
AS-AIM-0077,1,Damoda Drone Propeller,PT AIM,Komponen Drone,Unregistered Asset,2025-06-18,114090.0,0.0,0.0,0,
AS-AIM-0078,1,Damoda Drone Propeller,PT AIM,Komponen Drone,Unregistered Asset,2025-06-18,114090.0,0.0,0.0,0,
AS-AIM-0079,1,Damoda Drone Propeller,PT AIM,Komponen Drone,Unregistered Asset,2025-06-18,114090.0,0.0,0.0,0,
AS-AIM-0080,1,Damoda Drone Propeller,PT AIM,Komponen Drone,Unregistered Asset,2025-06-18,114090.0,0.0,0.0,0,
AS-AIM-0081,1,Damoda Drone Propeller,PT AIM,Komponen Drone,Unregistered Asset,2025-06-18,114090.0,0.0,0.0,0,
AS-AIM-0082,1,Damoda Drone Propeller,PT AIM,Komponen Drone,Unregistered Asset,2025-06-18,114090.0,0.0,0.0,0,
AS-AIM-0083,1,Damoda Drone Propeller,PT AIM,Komponen Drone,Unregistered Asset,2025-06-18,114090.0,0.0,0.0,0,
AS-AIM-0084,1,Damoda Drone Propeller,PT AIM,Komponen Drone,Unregistered Asset,2025-06-18,114090.0,0.0,0.0,0,
AS-AIM-0085,1,Damoda Drone Propeller,PT AIM,Komponen Drone,Unregistered Asset,2025-06-18,114090.0,0.0,0.0,0,
AS-AIM-0086,1,Damoda Drone Propeller,PT AIM,Komponen Drone,Unregistered Asset,2025-06-18,114090.0,0.0,0.0,0,
AS-AIM-0087,1,Damoda Drone Propeller,PT AIM,Komponen Drone,Unregistered Asset,2025-06-18,114090.0,0.0,0.0,0,
AS-AIM-0088,1,Damoda Drone Propeller,PT AIM,Komponen Drone,Unregistered Asset,2025-06-18,114090.0,0.0,0.0,0,
AS-AIM-0089,1,Damoda Drone Propeller,PT AIM,Komponen Drone,Unregistered Asset,2025-06-18,114090.0,0.0,0.0,0,
AS-AIM-0090,1,Damoda Drone Propeller,PT AIM,Komponen Drone,Unregistered Asset,2025-06-18,114090.0,0.0,0.0,0,
AS-AIM-0091,1,Damoda Drone Propeller,PT AIM,Komponen Drone,Unregistered Asset,2025-06-18,114090.0,0.0,0.0,0,
AS-AIM-0092,1,Damoda Drone Propeller,PT AIM,Komponen Drone,Unregistered Asset,2025-06-18,114090.0,0.0,0.0,0,
AS-AIM-0093,1,Damoda Drone Propeller,PT AIM,Komponen Drone,Unregistered Asset,2025-06-18,114090.0,0.0,0.0,0,
AS-AIM-0094,1,Damoda Drone Propeller,PT AIM,Komponen Drone,Unregistered Asset,2025-06-18,114090.0,0.0,0.0,0,
AS-AIM-0095,1,Damoda Drone Propeller,PT AIM,Komponen Drone,Unregistered Asset,2025-06-18,114090.0,0.0,0.0,0,
AS-AIM-0096,1,Damoda Drone Propeller,PT AIM,Komponen Drone,Unregistered Asset,2025-06-18,114090.0,0.0,0.0,0,
AS-AIM-0097,1,Damoda Drone Propeller,PT AIM,Komponen Drone,Unregistered Asset,2025-06-18,114090.0,0.0,0.0,0,
AS-AIM-0098,1,Damoda Drone Propeller,PT AIM,Komponen Drone,Unregistered Asset,2025-06-18,114090.0,0.0,0.0,0,
AS-AIM-0099,1,Damoda Drone Propeller,PT AIM,Komponen Drone,Unregistered Asset,2025-06-18,114090.0,0.0,0.0,0,
AS-AIM-0100,1,Damoda Drone Propeller,PT AIM,Komponen Drone,Unregistered Asset,2025-06-18,114090.0,0.0,0.0,0,
AS-AIM-0101,1,Damoda Drone Propeller,PT AIM,Komponen Drone,Unregistered Asset,2025-06-18,114090.0,0.0,0.0,0,
AS-AIM-0102,1,Damoda Drone Propeller,PT AIM,Komponen Drone,Unregistered Asset,2025-06-18,114090.0,0.0,0.0,0,
AS-AIM-0103,1,Damoda Drone Propeller,PT AIM,Komponen Drone,Unregistered Asset,2025-06-18,114090.0,0.0,0.0,0,
AS-AIM-0104,1,Damoda Drone Propeller,PT AIM,Komponen Drone,Unregistered Asset,2025-06-18,114090.0,0.0,0.0,0,
AS-AIM-0105,1,Damoda Drone Propeller,PT AIM,Komponen Drone,Unregistered Asset,2025-06-18,114090.0,0.0,0.0,0,
AS-AIM-0106,1,Damoda Drone Propeller,PT AIM,Komponen Drone,Unregistered Asset,2025-06-18,114090.0,0.0,0.0,0,
AS-AIM-0107,1,Damoda Drone Propeller,PT AIM,Komponen Drone,Unregistered Asset,2025-06-18,114090.0,0.0,0.0,0,
AS-AIM-0108,1,Damoda Drone Propeller,PT AIM,Komponen Drone,Unregistered Asset,2025-06-18,114090.0,0.0,0.0,0,
AS-AIM-0109,1,Damoda Drone Propeller,PT AIM,Komponen Drone,Unregistered Asset,2025-06-18,114090.0,0.0,0.0,0,
AS-AIM-0110,1,Damoda Drone Propeller,PT AIM,Komponen Drone,Unregistered Asset,2025-06-18,114090.0,0.0,0.0,0,
AS-AIM-0111,1,Damoda Drone Propeller,PT AIM,Komponen Drone,Unregistered Asset,2025-06-18,114090.0,0.0,0.0,0,
AS-AIM-0112,1,Damoda Drone Propeller,PT AIM,Komponen Drone,Unregistered Asset,2025-06-18,114090.0,0.0,0.0,0,
AS-AIM-0113,1,Damoda Drone Propeller,PT AIM,Komponen Drone,Unregistered Asset,2025-06-18,114090.0,0.0,0.0,0,
AS-AIM-0114,1,Damoda Drone Propeller,PT AIM,Komponen Drone,Unregistered Asset,2025-06-18,114090.0,0.0,0.0,0,
AS-AIM-0115,1,Damoda Drone Propeller,PT AIM,Komponen Drone,Unregistered Asset,2025-06-18,114090.0,0.0,0.0,0,
AS-AIM-0116,1,Damoda Drone Propeller,PT AIM,Komponen Drone,Unregistered Asset,2025-06-18,114090.0,0.0,0.0,0,
AS-AIM-0117,1,Damoda Drone Propeller,PT AIM,Komponen Drone,Unregistered Asset,2025-06-18,114090.0,0.0,0.0,0,
AS-AIM-0118,1,Damoda Drone Propeller,PT AIM,Komponen Drone,Unregistered Asset,2025-06-18,114090.0,0.0,0.0,0,
AS-AIM-0119,1,Damoda Drone Propeller,PT AIM,Komponen Drone,Unregistered Asset,2025-06-18,114090.0,0.0,0.0,0,
AS-AIM-0120,1,Damoda Drone Propeller,PT AIM,Komponen Drone,Unregistered Asset,2025-06-18,114090.0,0.0,0.0,0,
AS-AIM-0121,1,Damoda Drone Propeller,PT AIM,Komponen Drone,Unregistered Asset,2025-06-18,114090.0,0.0,0.0,0,
AS-AIM-0122,1,Damoda Drone Propeller,PT AIM,Komponen Drone,Unregistered Asset,2025-06-18,114090.0,0.0,0.0,0,
AS-AIM-0123,1,Damoda Drone Propeller,PT AIM,Komponen Drone,Unregistered Asset,2025-06-18,114090.0,0.0,0.0,0,
AS-AIM-0124,1,Damoda Drone Propeller,PT AIM,Komponen Drone,Unregistered Asset,2025-06-18,114090.0,0.0,0.0,0,
AS-AIM-0125,1,Damoda Drone Propeller,PT AIM,Komponen Drone,Unregistered Asset,2025-06-18,114090.0,0.0,0.0,0,
AS-AIM-0126,1,Damoda Drone Propeller,PT AIM,Komponen Drone,Unregistered Asset,2025-06-18,114090.0,0.0,0.0,0,
AS-AIM-0127,1,Damoda Drone Propeller,PT AIM,Komponen Drone,Unregistered Asset,2025-06-18,114090.0,0.0,0.0,0,
AS-AIM-0128,1,Damoda Drone Propeller,PT AIM,Komponen Drone,Unregistered Asset,2025-06-18,114090.0,0.0,0.0,0,
AS-AIM-0129,1,Damoda Drone Propeller,PT AIM,Komponen Drone,Unregistered Asset,2025-06-18,114090.0,0.0,0.0,0,
AS-AIM-0130,1,Damoda Drone Propeller,PT AIM,Komponen Drone,Unregistered Asset,2025-06-18,114090.0,0.0,0.0,0,
AS-AIM-0131,1,Damoda Drone Propeller,PT AIM,Komponen Drone,Unregistered Asset,2025-06-18,114090.0,0.0,0.0,0,
AS-AIM-0132,1,Damoda Drone Propeller,PT AIM,Komponen Drone,Unregistered Asset,2025-06-18,114090.0,0.0,0.0,0,
AS-AIM-0133,1,Damoda Drone Propeller,PT AIM,Komponen Drone,Unregistered Asset,2025-06-18,114090.0,0.0,0.0,0,
AS-AIM-0134,1,Damoda Drone Propeller,PT AIM,Komponen Drone,Unregistered Asset,2025-06-18,114090.0,0.0,0.0,0,
AS-AIM-0135,1,Damoda Drone Propeller,PT AIM,Komponen Drone,Unregistered Asset,2025-06-18,114090.0,0.0,0.0,0,
AS-AIM-0136,1,Damoda Drone Propeller,PT AIM,Komponen Drone,Unregistered Asset,2025-06-18,114090.0,0.0,0.0,0,
AS-AIM-0137,1,Damoda Drone Propeller,PT AIM,Komponen Drone,Unregistered Asset,2025-06-18,114090.0,0.0,0.0,0,
AS-AIM-0138,1,Damoda Drone Propeller,PT AIM,Komponen Drone,Unregistered Asset,2025-06-18,114090.0,0.0,0.0,0,
AS-AIM-0139,1,Damoda Drone Propeller,PT AIM,Komponen Drone,Unregistered Asset,2025-06-18,114090.0,0.0,0.0,0,
AS-AIM-0140,1,Damoda Drone Propeller,PT AIM,Komponen Drone,Unregistered Asset,2025-06-18,114090.0,0.0,0.0,0,
AS-AIM-0141,1,Damoda Drone Propeller,PT AIM,Komponen Drone,Unregistered Asset,2025-06-18,114090.0,0.0,0.0,0,
AS-AIM-0142,1,Damoda Drone Propeller,PT AIM,Komponen Drone,Unregistered Asset,2025-06-18,114090.0,0.0,0.0,0,
AS-AIM-0143,1,Damoda Drone Propeller,PT AIM,Komponen Drone,Unregistered Asset,2025-06-18,114090.0,0.0,0.0,0,
AS-AIM-0144,1,Damoda Drone Propeller,PT AIM,Komponen Drone,Unregistered Asset,2025-06-18,114090.0,0.0,0.0,0,
AS-ARKA-0145,1,Safety Traffic Cone 70 Cm,ARKA,Alat Pendukung,Unregistered Asset,2024-09-04,70000.0,0.0,0.0,0,
AS-ARKA-0146,1,Safety Traffic Cone 70 Cm,ARKA,Alat Pendukung,Unregistered Asset,2024-09-04,70000.0,0.0,0.0,0,
AS-ARKA-0147,1,Safety Traffic Cone 70 Cm,ARKA,Alat Pendukung,Unregistered Asset,2024-09-04,70000.0,0.0,0.0,0,
AS-ARKA-0148,1,Safety Traffic Cone 70 Cm,ARKA,Alat Pendukung,Unregistered Asset,2024-09-04,70000.0,0.0,0.0,0,
AS-ARKA-0149,1,Safety Traffic Cone 70 Cm,ARKA,Alat Pendukung,Unregistered Asset,2024-09-04,70000.0,0.0,0.0,0,
AS-ARKA-0150,1,Safety Traffic Cone 70 Cm,ARKA,Alat Pendukung,Unregistered Asset,2024-09-04,70000.0,0.0,0.0,0,
AS-ARKA-0151,1,Safety Traffic Cone 70 Cm,ARKA,Alat Pendukung,Unregistered Asset,2024-09-04,70000.0,0.0,0.0,0,
AS-ARKA-0152,1,Safety Traffic Cone 70 Cm,ARKA,Alat Pendukung,Unregistered Asset,2024-09-04,70000.0,0.0,0.0,0,
AS-ARKA-0153,1,Safety Traffic Cone 70 Cm,ARKA,Alat Pendukung,Unregistered Asset,2024-09-04,70000.0,0.0,0.0,0,
AS-ARKA-0154,1,Safety Traffic Cone 70 Cm,ARKA,Alat Pendukung,Unregistered Asset,2024-09-04,70000.0,0.0,0.0,0,
AS-ARKA-0155,1,Safety Traffic Cone 70 Cm,ARKA,Alat Pendukung,Unregistered Asset,2024-09-04,70000.0,0.0,0.0,0,
AS-ARKA-0156,1,Safety Traffic Cone 70 Cm,ARKA,Alat Pendukung,Unregistered Asset,2024-09-04,70000.0,0.0,0.0,0,
AS-ARKA-0157,1,Safety Traffic Cone 70 Cm,ARKA,Alat Pendukung,Unregistered Asset,2024-09-04,70000.0,0.0,0.0,0,
AS-ARKA-0158,1,Safety Traffic Cone 70 Cm,ARKA,Alat Pendukung,Unregistered Asset,2024-09-04,70000.0,0.0,0.0,0,
AS-ARKA-0159,1,Safety Traffic Cone 70 Cm,ARKA,Alat Pendukung,Unregistered Asset,2024-09-04,70000.0,0.0,0.0,0,
AS-ARKA-0160,1,Safety Traffic Cone 70 Cm,ARKA,Alat Pendukung,Unregistered Asset,2024-09-04,70000.0,0.0,0.0,0,
AS-ARKA-0161,1,Safety Traffic Cone 70 Cm,ARKA,Alat Pendukung,Unregistered Asset,2024-09-04,70000.0,0.0,0.0,0,
AS-ARKA-0162,1,HeadLamp Light L-T21,ARKA,Alat Pendukung,Unregistered Asset,2024-09-06,36900.0,0.0,0.0,0,
AS-ARKA-0163,1,HeadLamp Light L-T21,ARKA,Alat Pendukung,Unregistered Asset,2024-09-06,36900.0,0.0,0.0,0,
AS-ARKA-0164,1,HeadLamp Light L-T21,ARKA,Alat Pendukung,Unregistered Asset,2024-09-06,36900.0,0.0,0.0,0,
AS-ARKA-0165,1,HeadLamp Light L-T21,ARKA,Alat Pendukung,Unregistered Asset,2024-09-06,36900.0,0.0,0.0,0,
AS-ARKA-0166,1,HeadLamp Light L-T21,ARKA,Alat Pendukung,Unregistered Asset,2024-09-06,36900.0,0.0,0.0,0,
AS-ARKA-0167,1,HeadLamp Light L-T21,ARKA,Alat Pendukung,Unregistered Asset,2024-09-06,36900.0,0.0,0.0,0,
AS-ARKA-0168,1,HeadLamp Light L-T21,ARKA,Alat Pendukung,Unregistered Asset,2024-09-06,36900.0,0.0,0.0,0,
AS-ARKA-0169,1,ONEMED - Kotak P3K Set Jinjing Lengkap Isi 15 19 Item,ARKA,Alat Pendukung,Unregistered Asset,2024-09-06,130000.0,0.0,0.0,0,
AS-ARKA-0170,1,Helm Proyek Safety,ARKA,Alat Pendukung,Unregistered Asset,2024-09-06,72225.0,0.0,0.0,0,
AS-ARKA-0171,1,Helm Proyek Safety,ARKA,Alat Pendukung,Unregistered Asset,2024-09-06,72225.0,0.0,0.0,0,
AS-ARKA-0172,1,Helm Proyek Safety,ARKA,Alat Pendukung,Unregistered Asset,2024-09-06,72225.0,0.0,0.0,0,
AS-ARKA-0173,1,Helm Proyek Safety,ARKA,Alat Pendukung,Unregistered Asset,2024-09-06,72225.0,0.0,0.0,0,
AS-ARKA-0174,1,Helm Proyek Safety,ARKA,Alat Pendukung,Unregistered Asset,2024-09-06,72225.0,0.0,0.0,0,
AS-ARKA-0175,1,Helm Proyek Safety,ARKA,Alat Pendukung,Unregistered Asset,2024-09-06,72225.0,0.0,0.0,0,
AS-ARKA-0176,1,Helm Proyek Safety,ARKA,Alat Pendukung,Unregistered Asset,2024-09-06,72225.0,0.0,0.0,0,
AS-ARKA-0177,1,Helm Proyek Safety,ARKA,Alat Pendukung,Unregistered Asset,2024-09-06,72225.0,0.0,0.0,0,
AS-ARKA-0178,1,Helm Proyek Safety,ARKA,Alat Pendukung,Unregistered Asset,2024-09-06,72225.0,0.0,0.0,0,
AS-ARKA-0179,1,Helm Proyek Safety,ARKA,Alat Pendukung,Unregistered Asset,2024-09-06,72225.0,0.0,0.0,0,
AS-ARKA-0180,1,Helm Proyek Safety,ARKA,Alat Pendukung,Unregistered Asset,2024-09-06,72225.0,0.0,0.0,0,
AS-ARKA-0181,1,Helm Proyek Safety,ARKA,Alat Pendukung,Unregistered Asset,2024-09-06,72225.0,0.0,0.0,0,
AS-ARKA-0182,1,Helm Proyek Safety,ARKA,Alat Pendukung,Unregistered Asset,2024-09-06,72225.0,0.0,0.0,0,
AS-ARKA-0183,1,Helm Proyek Safety,ARKA,Alat Pendukung,Unregistered Asset,2024-09-06,72225.0,0.0,0.0,0,
AS-ARKA-0184,1,Helm Proyek Safety,ARKA,Alat Pendukung,Unregistered Asset,2024-09-06,72225.0,0.0,0.0,0,
AS-ARKA-0185,1,Helm Proyek Safety,ARKA,Alat Pendukung,Unregistered Asset,2024-09-06,72225.0,0.0,0.0,0,
AS-ARKA-0186,1,Helm Proyek Safety,ARKA,Alat Pendukung,Unregistered Asset,2024-09-06,72225.0,0.0,0.0,0,
AS-ARKA-0187,1,Rompi Safety 6 Kantong - Hijau Stablo,ARKA,Alat Pendukung,Unregistered Asset,2024-09-06,50000.0,0.0,0.0,0,
AS-ARKA-0188,1,Rompi Safety 6 Kantong - Hijau Stablo,ARKA,Alat Pendukung,Unregistered Asset,2024-09-06,50000.0,0.0,0.0,0,
AS-ARKA-0189,1,Rompi Safety 6 Kantong - Hijau Stablo,ARKA,Alat Pendukung,Unregistered Asset,2024-09-06,50000.0,0.0,0.0,0,
AS-ARKA-0190,1,Rompi Safety 6 Kantong - Hijau Stablo,ARKA,Alat Pendukung,Unregistered Asset,2024-09-06,50000.0,0.0,0.0,0,
AS-ARKA-0191,1,Rompi Safety 6 Kantong - Hijau Stablo,ARKA,Alat Pendukung,Unregistered Asset,2024-09-06,50000.0,0.0,0.0,0,
AS-ARKA-0192,1,Rantai Plastik 6mm x 50 Meter - Kuning,ARKA,Alat Pendukung,Unregistered Asset,2024-09-10,245000.0,0.0,0.0,0,
AS-ARKA-0193,1,Rompi Safety Vest Karet,ARKA,Alat Pendukung,Unregistered Asset,2024-09-06,13900.0,0.0,0.0,0,
AS-ARKA-0194,1,Rompi Safety Vest Karet,ARKA,Alat Pendukung,Unregistered Asset,2024-09-06,13900.0,0.0,0.0,0,
AS-ARKA-0195,1,Rompi Safety Vest Karet,ARKA,Alat Pendukung,Unregistered Asset,2024-09-06,13900.0,0.0,0.0,0,
AS-ARKA-0196,1,Rompi Safety Vest Karet,ARKA,Alat Pendukung,Unregistered Asset,2024-09-06,13900.0,0.0,0.0,0,
AS-ARKA-0197,1,Rompi Safety Vest Karet,ARKA,Alat Pendukung,Unregistered Asset,2024-09-06,13900.0,0.0,0.0,0,
AS-ARKA-0198,1,Rompi Safety Vest Karet,ARKA,Alat Pendukung,Unregistered Asset,2024-09-06,13900.0,0.0,0.0,0,
AS-ARKA-0199,1,Rompi Safety Vest Karet,ARKA,Alat Pendukung,Unregistered Asset,2024-09-06,13900.0,0.0,0.0,0,
AS-ARKA-0200,1,Rompi Safety Vest Karet,ARKA,Alat Pendukung,Unregistered Asset,2024-09-06,13900.0,0.0,0.0,0,
AS-ARKA-0201,1,Rompi Safety Vest Karet,ARKA,Alat Pendukung,Unregistered Asset,2024-09-06,13900.0,0.0,0.0,0,
AS-ARKA-0202,1,Rompi Safety Vest Karet,ARKA,Alat Pendukung,Unregistered Asset,2024-09-06,13900.0,0.0,0.0,0,
AS-ARKA-0203,1,Rompi Safety Vest Karet,ARKA,Alat Pendukung,Unregistered Asset,2024-09-06,13900.0,0.0,0.0,0,
AS-ARKA-0204,1,Rompi Safety Vest Karet,ARKA,Alat Pendukung,Unregistered Asset,2024-09-06,13900.0,0.0,0.0,0,
AS-ARKA-0205,1,Rompi Safety Vest Karet,ARKA,Alat Pendukung,Unregistered Asset,2024-09-06,13900.0,0.0,0.0,0,
AS-ARKA-0206,1,Rompi Safety Vest Karet,ARKA,Alat Pendukung,Unregistered Asset,2024-09-06,13900.0,0.0,0.0,0,
AS-ARKA-0207,1,Rompi Safety Vest Karet,ARKA,Alat Pendukung,Unregistered Asset,2024-09-06,13900.0,0.0,0.0,0,
AS-ARKA-0208,1,UPS/Power station BLUETTI EB 70 Portable,ARKA,Alat Pendukung,Unregistered Asset,2024-09-10,11899200.0,0.0,0.0,0,
AS-ARKA-0209,1,DJI Power Station 1000V v2,ARKA,Alat Pendukung,Unregistered Asset,2025-08-28,10300000.0,0.0,0.0,0,
AS-ARKA-0210,1,Valescom Lampu Sorot Led,ARKA,Alat Pendukung,Unregistered Asset,2024-09-10,108000.0,0.0,0.0,0,
AS-ARKA-0211,1,Valescom Lampu Sorot Led,ARKA,Alat Pendukung,Unregistered Asset,2024-09-10,108000.0,0.0,0.0,0,
AS-ARKA-0212,1,Valescom Lampu Sorot Led,ARKA,Alat Pendukung,Unregistered Asset,2024-09-10,108000.0,0.0,0.0,0,
AS-ARKA-0213,1,Valescom Lampu Sorot Led,ARKA,Alat Pendukung,Unregistered Asset,2024-09-10,108000.0,0.0,0.0,0,
AS-ARKA-0214,1,Baofeng UV-82 (8W) Walkie Talkie,ARKA,Alat Pendukung,Unregistered Asset,2024-09-10,450000.0,0.0,0.0,0,
AS-ARKA-0215,1,Baofeng UV-82 (8W) Walkie Talkie,ARKA,Alat Pendukung,Unregistered Asset,2024-09-10,450000.0,0.0,0.0,0,
AS-ARKA-0216,1,Baofeng UV-82 (8W) Walkie Talkie,ARKA,Alat Pendukung,Unregistered Asset,2024-09-10,450000.0,0.0,0.0,0,
AS-ARKA-0217,1,Baofeng UV-82 (8W) Walkie Talkie,ARKA,Alat Pendukung,Unregistered Asset,2024-09-10,450000.0,0.0,0.0,0,
AS-ARKA-0218,1,Baofeng UV-82 (8W) Walkie Talkie,ARKA,Alat Pendukung,Unregistered Asset,2024-09-10,450000.0,0.0,0.0,0,
AS-ARKA-0219,1,Baofeng UV-82 (8W) Walkie Talkie,ARKA,Alat Pendukung,Unregistered Asset,2024-09-10,450000.0,0.0,0.0,0,
AS-ARKA-0220,1,Baofeng UV-82 (8W) Walkie Talkie,ARKA,Alat Pendukung,Unregistered Asset,2024-09-10,450000.0,0.0,0.0,0,
AS-ARKA-0221,1,Baofeng UV-82 (8W) Walkie Talkie,ARKA,Alat Pendukung,Unregistered Asset,2024-09-10,450000.0,0.0,0.0,0,
AS-ARKA-0222,1,Baofeng UV-82 (8W) Walkie Talkie,ARKA,Alat Pendukung,Unregistered Asset,2024-09-10,450000.0,0.0,0.0,0,
AS-ARKA-0223,1,Baofeng UV-82 (8W) Walkie Talkie,ARKA,Alat Pendukung,Unregistered Asset,2024-09-10,450000.0,0.0,0.0,0,
AS-ARKA-0224,1,Baofeng UV-82 (8W) Walkie Talkie,ARKA,Alat Pendukung,Unregistered Asset,2024-09-10,450000.0,0.0,0.0,0,
AS-ARKA-0225,1,Baofeng UV-82 (8W) Walkie Talkie,ARKA,Alat Pendukung,Unregistered Asset,2024-09-10,450000.0,0.0,0.0,0,
AS-ARKA-0226,1,Baofeng UV-82 (8W) Walkie Talkie,ARKA,Alat Pendukung,Unregistered Asset,2024-09-10,450000.0,0.0,0.0,0,
AS-ARKA-0227,1,Baofeng UV-82 (8W) Walkie Talkie,ARKA,Alat Pendukung,Unregistered Asset,2024-09-10,450000.0,0.0,0.0,0,
AS-ARKA-0228,1,"Walkie Talky, Weircom Waterproof IP68 (10 W)",ARKA,Alat Pendukung,Unregistered Asset,2025-07-21,1100000.0,0.0,0.0,0,
AS-ARKA-0229,1,"Walkie Talky, Weircom Waterproof IP68 (10 W)",ARKA,Alat Pendukung,Unregistered Asset,2025-07-21,1100000.0,0.0,0.0,0,
AS-ARKA-0230,1,Meja Lipat 122 CM,ARKA,Alat Pendukung,Unregistered Asset,2024-09-24,443000.0,0.0,0.0,0,
AS-ARKA-0231,1,Meja Lipat 122 CM,ARKA,Alat Pendukung,Unregistered Asset,2024-09-24,443000.0,0.0,0.0,0,
AS-ARKA-0232,1,Meja Lipat 122 CM,ARKA,Alat Pendukung,Unregistered Asset,2024-09-24,443000.0,0.0,0.0,0,
AS-ARKA-0233,1,Tenda Lipat uk.3x3 + Dinding 4 sisi,ARKA,Alat Pendukung,Unregistered Asset,2024-09-13,1550000.0,0.0,0.0,0,
AS-ARKA-0234,1,Tenda Lipat uk.3x3 + Dinding 4 sisi,ARKA,Alat Pendukung,Unregistered Asset,2024-09-13,1550000.0,0.0,0.0,0,
AS-ARKA-0235,1,Terpal Costum - Sarung Box,ARKA,Alat Pendukung,Unregistered Asset,2024-09-13,260000.0,0.0,0.0,0,
AS-ARKA-0236,1,Terpal Costum - Sarung Box,ARKA,Alat Pendukung,Unregistered Asset,2024-09-13,260000.0,0.0,0.0,0,
AS-ARKA-0237,1,Terpal Costum - Sarung Box,ARKA,Alat Pendukung,Unregistered Asset,2024-09-13,260000.0,0.0,0.0,0,
AS-ARKA-0238,1,Terpal Costum - Sarung Box,ARKA,Alat Pendukung,Unregistered Asset,2024-09-13,260000.0,0.0,0.0,0,
AS-ARKA-0239,1,Terpal Costum - Sarung Box,ARKA,Alat Pendukung,Unregistered Asset,2024-09-13,260000.0,0.0,0.0,0,
AS-ARKA-0240,1,Terpal Costum - Sarung Box,ARKA,Alat Pendukung,Unregistered Asset,2024-09-13,260000.0,0.0,0.0,0,
AS-ARKA-0241,1,Terpal Costum - Sarung Box,ARKA,Alat Pendukung,Unregistered Asset,2024-09-13,260000.0,0.0,0.0,0,
AS-ARKA-0242,1,Terpal Costum - Sarung Box,ARKA,Alat Pendukung,Unregistered Asset,2024-09-13,260000.0,0.0,0.0,0,
AS-ARKA-0243,1,Terpal Costum - Sarung Box,ARKA,Alat Pendukung,Unregistered Asset,2024-09-13,260000.0,0.0,0.0,0,
AS-ARKA-0244,1,Terpal Costum - Sarung Box,ARKA,Alat Pendukung,Unregistered Asset,2024-09-13,260000.0,0.0,0.0,0,
AS-ARKA-0245,1,"Kabel Roll Makita 100 Meter, 4x Port Saklar",ARKA,Alat Pendukung,Unregistered Asset,2024-09-13,1420000.0,0.0,0.0,0,
AS-ARKA-0246,1,"Kabel Roll Makita 100 Meter, 4x Port Saklar",ARKA,Alat Pendukung,Unregistered Asset,2024-09-13,1420000.0,0.0,0.0,0,
AS-ARKA-0247,1,Folding Chair Black,ARKA,Alat Pendukung,Unregistered Asset,2024-09-17,219900.0,0.0,0.0,0,
AS-ARKA-0248,1,Folding Chair Black,ARKA,Alat Pendukung,Unregistered Asset,2024-09-17,219900.0,0.0,0.0,0,
AS-ARKA-0249,1,Folding Chair Black,ARKA,Alat Pendukung,Unregistered Asset,2024-09-17,219900.0,0.0,0.0,0,
AS-ARKA-0250,1,Mini Fan Desk HFN650,ARKA,Alat Pendukung,Unregistered Asset,2024-09-23,135000.0,0.0,0.0,0,
AS-ARKA-0251,1,Mini Fan Desk HFN650,ARKA,Alat Pendukung,Unregistered Asset,2024-09-23,135000.0,0.0,0.0,0,
AS-ARKA-0252,1,SNDWAY Meteran Laser Digital,ARKA,Alat Pendukung,Unregistered Asset,2024-09-23,530000.0,0.0,0.0,0,
AS-ARKA-0253,1,Prolink PRT7011L Portable 4G LTE Modem,ARKA,Alat Pendukung,Unregistered Asset,2024-09-23,679000.0,0.0,0.0,0,
AS-ARKA-0254,1,Troly Lipat Bordes 70x110,ARKA,Alat Pendukung,Unregistered Asset,2024-09-23,1150000.0,0.0,0.0,0,
AS-ARKA-0255,1,Troly Lipat Bordes 70x110,ARKA,Alat Pendukung,Unregistered Asset,2024-09-23,1150000.0,0.0,0.0,0,
AS-ARKA-0256,1,Troly Lipat Bordes 70x110,ARKA,Alat Pendukung,Unregistered Asset,2024-09-23,1150000.0,0.0,0.0,0,
AS-ARKA-0257,1,Troly Lipat Bordes 70x110,ARKA,Alat Pendukung,Unregistered Asset,2024-09-23,1150000.0,0.0,0.0,0,
AS-ARKA-0258,1,Troly Lipat Bordes 70x110,ARKA,Alat Pendukung,Unregistered Asset,2024-09-23,1150000.0,0.0,0.0,0,
AS-ARKA-0259,1,Meteran Tancap 100 M,ARKA,Alat Pendukung,Unregistered Asset,2024-09-23,48500.0,0.0,0.0,0,
AS-ARKA-0260,1,Genset Silent Inverter 5 KVA 4000 WATT Tsuzumi,ARKA,Alat Pendukung,Unregistered Asset,2024-09-24,10500000.0,0.0,0.0,0,
AS-ARKA-0261,1,Shading Net / Jaring Pengaman,ARKA,Alat Pendukung,Unregistered Asset,2024-09-24,431200.0,0.0,0.0,0,
AS-ARKA-0262,1,Shading Net / Jaring Pengaman,ARKA,Alat Pendukung,Unregistered Asset,2024-09-24,431200.0,0.0,0.0,0,
AS-ARKA-0263,1,Shading Net / Jaring Pengaman,ARKA,Alat Pendukung,Unregistered Asset,2024-09-24,431200.0,0.0,0.0,0,
AS-ARKA-0264,1,Velbed + Sleeping Bag,ARKA,Alat Pendukung,Unregistered Asset,2026-04-17,100000.0,0.0,0.0,0,
AS-ARKA-0265,1,Velbed + Sleeping Bag,ARKA,Alat Pendukung,Unregistered Asset,2026-04-17,100000.0,0.0,0.0,0,
AS-ARKA-0266,1,Velbed + Sleeping Bag,ARKA,Alat Pendukung,Unregistered Asset,2026-04-17,100000.0,0.0,0.0,0,
AS-ARKA-0267,1,Velbed + Sleeping Bag,ARKA,Alat Pendukung,Unregistered Asset,2026-04-17,100000.0,0.0,0.0,0,
AS-ARKA-0268,1,Velbed + Sleeping Bag,ARKA,Alat Pendukung,Unregistered Asset,2026-04-17,100000.0,0.0,0.0,0,
AS-ARKA-0269,1,Velbed + Sleeping Bag,ARKA,Alat Pendukung,Unregistered Asset,2026-04-17,100000.0,0.0,0.0,0,
AS-ARKA-0270,1,Cooling Pad Laptop LED,ARKA,Alat Pendukung,Unregistered Asset,2024-09-23,98000.0,0.0,0.0,0,
AS-ARKA-0271,1,"Cable Roll Rollan 50 M, Tutupan Safety",ARKA,Alat Pendukung,Unregistered Asset,2024-09-25,625000.0,0.0,0.0,0,
AS-ARKA-0272,1,Terpal A12 Korea 12x12 M,ARKA,Alat Pendukung,Unregistered Asset,2024-09-24,1584000.0,0.0,0.0,0,
AS-ARKA-0273,1,Terpal A12 Korea 12x12 M,ARKA,Alat Pendukung,Unregistered Asset,2024-09-24,1584000.0,0.0,0.0,0,
AS-ARKA-0274,1,Terpal A12 Korea 12x12 M,ARKA,Alat Pendukung,Unregistered Asset,2024-09-24,1584000.0,0.0,0.0,0,
AS-ARKA-0275,1,Terpal A12 Korea 12x12 M,ARKA,Alat Pendukung,Unregistered Asset,2024-09-24,1584000.0,0.0,0.0,0,
AS-ARKA-0276,1,Terpal A12 Korea 12x12 M,ARKA,Alat Pendukung,Unregistered Asset,2024-09-24,1584000.0,0.0,0.0,0,
AS-ARKA-0277,1,Terpal A12 Korea 12x12 M,ARKA,Alat Pendukung,Unregistered Asset,2024-09-24,1584000.0,0.0,0.0,0,
AS-ARKA-0278,1,Terpal A12 Korea 12x12 M,ARKA,Alat Pendukung,Unregistered Asset,2024-09-24,1584000.0,0.0,0.0,0,
AS-ARKA-0279,1,Terpal A12 Korea 12x12 M,ARKA,Alat Pendukung,Unregistered Asset,2024-09-24,1584000.0,0.0,0.0,0,
AS-ARKA-0280,1,Terpal A12 Korea 12x12 M,ARKA,Alat Pendukung,Unregistered Asset,2024-09-24,1584000.0,0.0,0.0,0,
AS-ARKA-0281,1,Terpal A12 Korea 12x12 M,ARKA,Alat Pendukung,Unregistered Asset,2024-09-24,1584000.0,0.0,0.0,0,
AS-ARKA-0282,1,Box Container 95 L,ARKA,Alat Pendukung,Unregistered Asset,2024-10-01,140259.0,0.0,0.0,0,
AS-ARKA-0283,1,Box Container 280 L,ARKA,Alat Pendukung,Unregistered Asset,2024-10-01,475000.0,0.0,0.0,0,
AS-ARKA-0284,1,Box Container 280 L,ARKA,Alat Pendukung,Unregistered Asset,2024-10-01,475000.0,0.0,0.0,0,
AS-ARKA-0285,1,Palet Plastik 100x120x14,ARKA,Alat Pendukung,Unregistered Asset,2024-10-15,125000.0,0.0,0.0,0,
AS-ARKA-0286,1,Palet Plastik 100x120x14,ARKA,Alat Pendukung,Unregistered Asset,2024-10-15,125000.0,0.0,0.0,0,
AS-ARKA-0287,1,Palet Plastik 100x120x14,ARKA,Alat Pendukung,Unregistered Asset,2024-10-15,125000.0,0.0,0.0,0,
AS-ARKA-0288,1,Palet Plastik 100x120x14,ARKA,Alat Pendukung,Unregistered Asset,2024-10-15,125000.0,0.0,0.0,0,
AS-ARKA-0289,1,Palet Plastik 100x120x14,ARKA,Alat Pendukung,Unregistered Asset,2024-10-15,125000.0,0.0,0.0,0,
AS-ARKA-0290,1,Palet Plastik 100x120x14,ARKA,Alat Pendukung,Unregistered Asset,2024-10-15,125000.0,0.0,0.0,0,
AS-ARKA-0291,1,Palet Plastik 100x120x14,ARKA,Alat Pendukung,Unregistered Asset,2024-10-15,125000.0,0.0,0.0,0,
AS-ARKA-0292,1,Palet Plastik 100x120x14,ARKA,Alat Pendukung,Unregistered Asset,2024-10-15,125000.0,0.0,0.0,0,
AS-ARKA-0293,1,Palet Plastik 100x120x14,ARKA,Alat Pendukung,Unregistered Asset,2024-10-15,125000.0,0.0,0.0,0,
AS-ARKA-0294,1,Palet Plastik 100x120x14,ARKA,Alat Pendukung,Unregistered Asset,2024-10-15,125000.0,0.0,0.0,0,
AS-ARKA-0295,1,Palet Plastik 100x120x14,ARKA,Alat Pendukung,Unregistered Asset,2024-10-15,125000.0,0.0,0.0,0,
AS-ARKA-0296,1,Palet Plastik 100x120x14,ARKA,Alat Pendukung,Unregistered Asset,2024-10-15,125000.0,0.0,0.0,0,
AS-ARKA-0297,1,Palet Plastik 100x120x14,ARKA,Alat Pendukung,Unregistered Asset,2024-10-15,125000.0,0.0,0.0,0,
AS-ARKA-0298,1,Palet Plastik 100x120x14,ARKA,Alat Pendukung,Unregistered Asset,2024-10-15,125000.0,0.0,0.0,0,
AS-ARKA-0299,1,Palet Plastik 100x120x14,ARKA,Alat Pendukung,Unregistered Asset,2024-10-15,125000.0,0.0,0.0,0,
AS-ARKA-0300,1,Palet Plastik 100x120x14,ARKA,Alat Pendukung,Unregistered Asset,2024-10-15,125000.0,0.0,0.0,0,
AS-ARKA-0301,1,Palet Plastik 100x120x14,ARKA,Alat Pendukung,Unregistered Asset,2024-10-15,125000.0,0.0,0.0,0,
AS-ARKA-0302,1,Palet Plastik 100x120x14,ARKA,Alat Pendukung,Unregistered Asset,2024-10-15,125000.0,0.0,0.0,0,
AS-ARKA-0303,1,Palet Plastik 100x120x14,ARKA,Alat Pendukung,Unregistered Asset,2024-10-15,125000.0,0.0,0.0,0,
AS-ARKA-0304,1,Palet Plastik 100x120x14,ARKA,Alat Pendukung,Unregistered Asset,2024-10-15,125000.0,0.0,0.0,0,
AS-ARKA-0305,1,Palet Plastik 100x120x14,ARKA,Alat Pendukung,Unregistered Asset,2024-10-15,125000.0,0.0,0.0,0,
AS-ARKA-0306,1,Palet Plastik 100x120x14,ARKA,Alat Pendukung,Unregistered Asset,2024-10-15,125000.0,0.0,0.0,0,
AS-ARKA-0307,1,Palet Plastik 100x120x14,ARKA,Alat Pendukung,Unregistered Asset,2024-10-15,125000.0,0.0,0.0,0,
AS-ARKA-0308,1,Palet Plastik 100x120x14,ARKA,Alat Pendukung,Unregistered Asset,2024-10-15,125000.0,0.0,0.0,0,
AS-ARKA-0309,1,Palet Plastik 100x120x14,ARKA,Alat Pendukung,Unregistered Asset,2024-10-15,125000.0,0.0,0.0,0,
AS-ARKA-0310,1,Palet Plastik 100x120x14,ARKA,Alat Pendukung,Unregistered Asset,2024-10-15,125000.0,0.0,0.0,0,
AS-ARKA-0311,1,Palet Plastik 100x120x14,ARKA,Alat Pendukung,Unregistered Asset,2024-10-15,125000.0,0.0,0.0,0,
AS-ARKA-0312,1,Palet Plastik 100x120x14,ARKA,Alat Pendukung,Unregistered Asset,2024-10-15,125000.0,0.0,0.0,0,
AS-ARKA-0313,1,Palet Plastik 100x120x14,ARKA,Alat Pendukung,Unregistered Asset,2024-10-15,125000.0,0.0,0.0,0,
AS-ARKA-0314,1,Palet Plastik 100x120x14,ARKA,Alat Pendukung,Unregistered Asset,2024-10-15,125000.0,0.0,0.0,0,
AS-ARKA-0315,1,Palet Plastik 100x120x14,ARKA,Alat Pendukung,Unregistered Asset,2024-10-15,125000.0,0.0,0.0,0,
AS-ARKA-0316,1,Palet Plastik 100x120x14,ARKA,Alat Pendukung,Unregistered Asset,2024-10-15,125000.0,0.0,0.0,0,
AS-ARKA-0317,1,Palet Plastik 100x120x14,ARKA,Alat Pendukung,Unregistered Asset,2024-10-15,125000.0,0.0,0.0,0,
AS-ARKA-0318,1,Palet Plastik 100x120x14,ARKA,Alat Pendukung,Unregistered Asset,2024-10-15,125000.0,0.0,0.0,0,
AS-ARKA-0319,1,Palet Plastik 100x120x14,ARKA,Alat Pendukung,Unregistered Asset,2024-10-15,125000.0,0.0,0.0,0,
AS-ARKA-0320,1,Palet Plastik 100x120x14,ARKA,Alat Pendukung,Unregistered Asset,2024-10-15,125000.0,0.0,0.0,0,
AS-ARKA-0321,1,Palet Plastik 100x120x14,ARKA,Alat Pendukung,Unregistered Asset,2024-10-15,125000.0,0.0,0.0,0,
AS-ARKA-0322,1,Palet Plastik 100x120x14,ARKA,Alat Pendukung,Unregistered Asset,2024-10-15,125000.0,0.0,0.0,0,
AS-ARKA-0323,1,Palet Plastik 100x120x14,ARKA,Alat Pendukung,Unregistered Asset,2024-10-15,125000.0,0.0,0.0,0,
AS-ARKA-0324,1,Palet Plastik 100x120x14,ARKA,Alat Pendukung,Unregistered Asset,2024-10-15,125000.0,0.0,0.0,0,
AS-ARKA-0325,1,Palet Plastik 100x120x14,ARKA,Alat Pendukung,Unregistered Asset,2024-10-15,125000.0,0.0,0.0,0,
AS-ARKA-0326,1,Palet Plastik 100x120x14,ARKA,Alat Pendukung,Unregistered Asset,2024-10-15,125000.0,0.0,0.0,0,
AS-ARKA-0327,1,Palet Plastik 100x120x14,ARKA,Alat Pendukung,Unregistered Asset,2024-10-15,125000.0,0.0,0.0,0,
AS-ARKA-0328,1,Palet Plastik 100x120x14,ARKA,Alat Pendukung,Unregistered Asset,2024-10-15,125000.0,0.0,0.0,0,
AS-ARKA-0329,1,Palet Plastik 100x120x14,ARKA,Alat Pendukung,Unregistered Asset,2024-10-15,125000.0,0.0,0.0,0,
AS-ARKA-0330,1,Palet Plastik 100x120x14,ARKA,Alat Pendukung,Unregistered Asset,2024-10-15,125000.0,0.0,0.0,0,
AS-ARKA-0331,1,Palet Plastik 100x120x14,ARKA,Alat Pendukung,Unregistered Asset,2024-10-15,125000.0,0.0,0.0,0,
AS-ARKA-0332,1,Palet Plastik 100x120x14,ARKA,Alat Pendukung,Unregistered Asset,2024-10-15,125000.0,0.0,0.0,0,
AS-ARKA-0333,1,Palet Plastik 100x120x14,ARKA,Alat Pendukung,Unregistered Asset,2024-10-15,125000.0,0.0,0.0,0,
AS-ARKA-0334,1,Palet Plastik 100x120x14,ARKA,Alat Pendukung,Unregistered Asset,2024-10-15,125000.0,0.0,0.0,0,
AS-ARKA-0335,1,Palet Plastik 100x120x14,ARKA,Alat Pendukung,Unregistered Asset,2024-10-15,125000.0,0.0,0.0,0,
AS-ARKA-0336,1,Palet Plastik 100x120x14,ARKA,Alat Pendukung,Unregistered Asset,2024-10-15,125000.0,0.0,0.0,0,
AS-ARKA-0337,1,Palet Plastik 100x120x14,ARKA,Alat Pendukung,Unregistered Asset,2024-10-15,125000.0,0.0,0.0,0,
AS-ARKA-0338,1,Palet Plastik 100x120x14,ARKA,Alat Pendukung,Unregistered Asset,2024-10-15,125000.0,0.0,0.0,0,
AS-ARKA-0339,1,Palet Plastik 100x120x14,ARKA,Alat Pendukung,Unregistered Asset,2024-10-15,125000.0,0.0,0.0,0,
AS-ARKA-0340,1,Palet Plastik 100x120x14,ARKA,Alat Pendukung,Unregistered Asset,2024-10-15,125000.0,0.0,0.0,0,
AS-ARKA-0341,1,Palet Plastik 100x120x14,ARKA,Alat Pendukung,Unregistered Asset,2024-10-15,125000.0,0.0,0.0,0,
AS-ARKA-0342,1,Palet Plastik 100x120x14,ARKA,Alat Pendukung,Unregistered Asset,2024-10-15,125000.0,0.0,0.0,0,
AS-ARKA-0343,1,Palet Plastik 100x120x14,ARKA,Alat Pendukung,Unregistered Asset,2024-10-15,125000.0,0.0,0.0,0,
AS-ARKA-0344,1,Palet Plastik 100x120x14,ARKA,Alat Pendukung,Unregistered Asset,2024-10-15,125000.0,0.0,0.0,0,
AS-ARKA-0345,1,Palet Plastik 100x120x14,ARKA,Alat Pendukung,Unregistered Asset,2024-10-15,125000.0,0.0,0.0,0,
AS-ARKA-0346,1,Palet Plastik 100x120x14,ARKA,Alat Pendukung,Unregistered Asset,2024-10-15,125000.0,0.0,0.0,0,
AS-ARKA-0347,1,Palet Plastik 100x120x14,ARKA,Alat Pendukung,Unregistered Asset,2024-10-15,125000.0,0.0,0.0,0,
AS-ARKA-0348,1,Palet Plastik 100x120x14,ARKA,Alat Pendukung,Unregistered Asset,2024-10-15,125000.0,0.0,0.0,0,
AS-ARKA-0349,1,Palet Plastik 100x120x14,ARKA,Alat Pendukung,Unregistered Asset,2024-10-15,125000.0,0.0,0.0,0,
AS-ARKA-0350,1,Palet Plastik 100x120x14,ARKA,Alat Pendukung,Unregistered Asset,2024-10-15,125000.0,0.0,0.0,0,
AS-ARKA-0351,1,Palet Plastik 100x120x14,ARKA,Alat Pendukung,Unregistered Asset,2024-10-15,125000.0,0.0,0.0,0,
AS-ARKA-0352,1,Palet Plastik 100x120x14,ARKA,Alat Pendukung,Unregistered Asset,2024-10-15,125000.0,0.0,0.0,0,
AS-ARKA-0353,1,Palet Plastik 100x120x14,ARKA,Alat Pendukung,Unregistered Asset,2024-10-15,125000.0,0.0,0.0,0,
AS-ARKA-0354,1,Palet Plastik 100x120x14,ARKA,Alat Pendukung,Unregistered Asset,2024-10-15,125000.0,0.0,0.0,0,
AS-ARKA-0355,1,Palet Plastik 100x120x14,ARKA,Alat Pendukung,Unregistered Asset,2024-10-15,125000.0,0.0,0.0,0,
AS-ARKA-0356,1,Palet Plastik 100x120x14,ARKA,Alat Pendukung,Unregistered Asset,2024-10-15,125000.0,0.0,0.0,0,
AS-ARKA-0357,1,Palet Plastik 100x120x14,ARKA,Alat Pendukung,Unregistered Asset,2024-10-15,125000.0,0.0,0.0,0,
AS-ARKA-0358,1,Palet Plastik 100x120x14,ARKA,Alat Pendukung,Unregistered Asset,2024-10-15,125000.0,0.0,0.0,0,
AS-ARKA-0359,1,Palet Plastik 100x120x14,ARKA,Alat Pendukung,Unregistered Asset,2024-10-15,125000.0,0.0,0.0,0,
AS-ARKA-0360,1,Palet Plastik 100x120x14,ARKA,Alat Pendukung,Unregistered Asset,2024-10-15,125000.0,0.0,0.0,0,
AS-ARKA-0361,1,Palet Plastik 100x120x14,ARKA,Alat Pendukung,Unregistered Asset,2024-10-15,125000.0,0.0,0.0,0,
AS-ARKA-0362,1,Palet Plastik 100x120x14,ARKA,Alat Pendukung,Unregistered Asset,2024-10-15,125000.0,0.0,0.0,0,
AS-ARKA-0363,1,Palet Plastik 100x120x14,ARKA,Alat Pendukung,Unregistered Asset,2024-10-15,125000.0,0.0,0.0,0,
AS-ARKA-0364,1,Palet Plastik 100x120x14,ARKA,Alat Pendukung,Unregistered Asset,2024-10-15,125000.0,0.0,0.0,0,
AS-ARKA-0365,1,Palet Plastik 100x120x14,ARKA,Alat Pendukung,Unregistered Asset,2024-10-15,125000.0,0.0,0.0,0,
AS-ARKA-0366,1,Palet Plastik 100x120x14,ARKA,Alat Pendukung,Unregistered Asset,2024-10-15,125000.0,0.0,0.0,0,
AS-ARKA-0367,1,Palet Plastik 100x120x14,ARKA,Alat Pendukung,Unregistered Asset,2024-10-15,125000.0,0.0,0.0,0,
AS-ARKA-0368,1,Palet Plastik 100x120x14,ARKA,Alat Pendukung,Unregistered Asset,2024-10-15,125000.0,0.0,0.0,0,
AS-ARKA-0369,1,Palet Plastik 100x120x14,ARKA,Alat Pendukung,Unregistered Asset,2024-10-15,125000.0,0.0,0.0,0,
AS-ARKA-0370,1,Palet Plastik 100x120x14,ARKA,Alat Pendukung,Unregistered Asset,2024-10-15,125000.0,0.0,0.0,0,
AS-ARKA-0371,1,Palet Plastik 100x120x14,ARKA,Alat Pendukung,Unregistered Asset,2024-10-15,125000.0,0.0,0.0,0,
AS-ARKA-0372,1,Palet Plastik 100x120x14,ARKA,Alat Pendukung,Unregistered Asset,2024-10-15,125000.0,0.0,0.0,0,
AS-ARKA-0373,1,Palet Plastik 100x120x14,ARKA,Alat Pendukung,Unregistered Asset,2024-10-15,125000.0,0.0,0.0,0,
AS-ARKA-0374,1,Palet Plastik 100x120x14,ARKA,Alat Pendukung,Unregistered Asset,2024-10-15,125000.0,0.0,0.0,0,
AS-ARKA-0375,1,Palet Plastik 100x120x14,ARKA,Alat Pendukung,Unregistered Asset,2024-10-15,125000.0,0.0,0.0,0,
AS-ARKA-0376,1,Palet Plastik 100x120x14,ARKA,Alat Pendukung,Unregistered Asset,2024-10-15,125000.0,0.0,0.0,0,
AS-ARKA-0377,1,Palet Plastik 100x120x14,ARKA,Alat Pendukung,Unregistered Asset,2024-10-15,125000.0,0.0,0.0,0,
AS-ARKA-0378,1,Palet Plastik 100x120x14,ARKA,Alat Pendukung,Unregistered Asset,2024-10-15,125000.0,0.0,0.0,0,
AS-ARKA-0379,1,Palet Plastik 100x120x14,ARKA,Alat Pendukung,Unregistered Asset,2024-10-15,125000.0,0.0,0.0,0,
AS-ARKA-0380,1,Palet Plastik 100x120x14,ARKA,Alat Pendukung,Unregistered Asset,2024-10-15,125000.0,0.0,0.0,0,
AS-ARKA-0381,1,Palet Plastik 100x120x14,ARKA,Alat Pendukung,Unregistered Asset,2024-10-15,125000.0,0.0,0.0,0,
AS-ARKA-0382,1,Palet Plastik 100x120x14,ARKA,Alat Pendukung,Unregistered Asset,2024-10-15,125000.0,0.0,0.0,0,
AS-ARKA-0383,1,Palet Plastik 100x120x14,ARKA,Alat Pendukung,Unregistered Asset,2024-10-15,125000.0,0.0,0.0,0,
AS-ARKA-0384,1,Palet Plastik 100x120x14,ARKA,Alat Pendukung,Unregistered Asset,2024-10-15,125000.0,0.0,0.0,0,
AS-ARKA-0385,1,Laser Hijau Pointer Jarak Jauh 303,ARKA,Alat Pendukung,Unregistered Asset,2024-12-28,63303.0,0.0,0.0,0,
AS-ARKA-0386,1,Laser Hijau Pointer Jarak Jauh 303,ARKA,Alat Pendukung,Unregistered Asset,2024-12-28,63303.0,0.0,0.0,0,
AS-ARKA-0387,1,Laser Hijau Pointer Jarak Jauh 303,ARKA,Alat Pendukung,Unregistered Asset,2024-12-28,63303.0,0.0,0.0,0,
AS-ARKA-0388,1,Green Laser Pointer Deli 800 Mah,ARKA,Alat Pendukung,Unregistered Asset,2025-12-19,144000.0,0.0,0.0,0,
AS-ARKA-0389,1,Jas Hujan NAVY XXL,ARKA,Alat Pendukung,Unregistered Asset,2025-10-08,91200.0,0.0,0.0,0,
AS-ARKA-0390,1,Jas Hujan NAVY XXL,ARKA,Alat Pendukung,Unregistered Asset,2025-10-08,91200.0,0.0,0.0,0,
AS-ARKA-0391,1,Jas Hujan NAVY XXL,ARKA,Alat Pendukung,Unregistered Asset,2025-10-08,91200.0,0.0,0.0,0,
AS-ARKA-0392,1,Jas Hujan NAVY XXL,ARKA,Alat Pendukung,Unregistered Asset,2025-10-08,91200.0,0.0,0.0,0,
AS-ARKA-0393,1,Jas Hujan NAVY XXL,ARKA,Alat Pendukung,Unregistered Asset,2025-10-08,91200.0,0.0,0.0,0,
AS-ARKA-0394,1,Jas Hujan NAVY XXL,ARKA,Alat Pendukung,Unregistered Asset,2025-10-08,91200.0,0.0,0.0,0,
AS-ARKA-0395,1,Jas Hujan NAVY XXL,ARKA,Alat Pendukung,Unregistered Asset,2025-10-08,91200.0,0.0,0.0,0,
AS-ARKA-0396,1,Jas Hujan NAVY XXL,ARKA,Alat Pendukung,Unregistered Asset,2025-10-08,91200.0,0.0,0.0,0,
AS-ARKA-0397,1,Jas Hujan NAVY XXL,ARKA,Alat Pendukung,Unregistered Asset,2025-10-08,91200.0,0.0,0.0,0,
AS-ARKA-0398,1,Jas Hujan NAVY XXL,ARKA,Alat Pendukung,Unregistered Asset,2025-10-08,91200.0,0.0,0.0,0,
AS-ARKA-0399,1,Jas Hujan NAVY XL,ARKA,Alat Pendukung,Unregistered Asset,2025-10-08,95000.0,0.0,0.0,0,
AS-ARKA-0400,1,Jas Hujan NAVY XL,ARKA,Alat Pendukung,Unregistered Asset,2025-10-08,95000.0,0.0,0.0,0,
AS-ARKA-0401,1,Jas Hujan NAVY XL,ARKA,Alat Pendukung,Unregistered Asset,2025-10-08,95000.0,0.0,0.0,0,
AS-ARKA-0402,1,Jas Hujan NAVY XL,ARKA,Alat Pendukung,Unregistered Asset,2025-10-08,95000.0,0.0,0.0,0,
AS-ARKA-0403,1,Jas Hujan NAVY XL,ARKA,Alat Pendukung,Unregistered Asset,2025-10-08,95000.0,0.0,0.0,0,
AS-ARKA-0404,1,Kabel Panjang (Lampu Tenda),ARKA,Alat Pendukung,Unregistered Asset,2024-10-01,157500.0,0.0,0.0,0,
AS-ARKA-0405,1,Kabel Panjang (Lampu Tenda),ARKA,Alat Pendukung,Unregistered Asset,2024-10-01,157500.0,0.0,0.0,0,
AS-ARKA-0406,1,Vacum Cleaner Portable,ARKA,Alat Pendukung,Unregistered Asset,2024-12-24,210000.0,0.0,0.0,0,
AS-ARKA-0407,1,Vacum Cleaner Portable,ARKA,Alat Pendukung,Unregistered Asset,2024-12-24,210000.0,0.0,0.0,0,
AS-ARKA-0408,1,APAR Mobil 1 KG,ARKA,Alat Pendukung,Unregistered Asset,2024-09-25,187500.0,0.0,0.0,0,
AS-ARKA-0409,1,APAR 3KG TONATA (CO2),ARKA,Alat Pendukung,Unregistered Asset,2024-12-28,500000.0,0.0,0.0,0,
AS-ARKA-0410,1,APAR 3KG TONATA (CO2),ARKA,Alat Pendukung,Unregistered Asset,2024-12-28,500000.0,0.0,0.0,0,
